timestep_1,timestep_2
2020,h0001
2020,h0002
2020,h0003
2020,h0004
2020,h0005
2020,h0006
2020,h0007
2020,h0008
2020,h0009
2020,h0010
2020,h0011
2020,h0012
2020,h0013
2020,h0014
2020,h0015
2020,h0016
2020,h0017
2020,h0018
2020,h0019
2020,h0020
2020,h0021
2020,h0022
2020,h0023
2020,h0024
2020,h0025
2020,h0026
2020,h0027
2020,h0028
2020,h0029
2020,h0030
2020,h0031
2020,h0032
2020,h0033
2020,h0034
2020,h0035
2020,h0036
2020,h0037
2020,h0038
2020,h0039
2020,h0040
2020,h0041
2020,h0042
2020,h0043
2020,h0044
2020,h0045
2020,h0046
2020,h0047
2020,h0048
2020,h0049
2020,h0050
2020,h0051
2020,h0052
2020,h0053
2020,h0054
2020,h0055
2020,h0056
2020,h0057
2020,h0058
2020,h0059
2020,h0060
2020,h0061
2020,h0062
2020,h0063
2020,h0064
2020,h0065
2020,h0066
2020,h0067
2020,h0068
2020,h0069
2020,h0070
2020,h0071
2020,h0072
2020,h0073
2020,h0074
2020,h0075
2020,h0076
2020,h0077
2020,h0078
2020,h0079
2020,h0080
2020,h0081
2020,h0082
2020,h0083
2020,h0084
2020,h0085
2020,h0086
2020,h0087
2020,h0088
2020,h0089
2020,h0090
2020,h0091
2020,h0092
2020,h0093
2020,h0094
2020,h0095
2020,h0096
2020,h0097
2020,h0098
2020,h0099
2020,h0100
2020,h0101
2020,h0102
2020,h0103
2020,h0104
2020,h0105
2020,h0106
2020,h0107
2020,h0108
2020,h0109
2020,h0110
2020,h0111
2020,h0112
2020,h0113
2020,h0114
2020,h0115
2020,h0116
2020,h0117
2020,h0118
2020,h0119
2020,h0120
2020,h0121
2020,h0122
2020,h0123
2020,h0124
2020,h0125
2020,h0126
2020,h0127
2020,h0128
2020,h0129
2020,h0130
2020,h0131
2020,h0132
2020,h0133
2020,h0134
2020,h0135
2020,h0136
2020,h0137
2020,h0138
2020,h0139
2020,h0140
2020,h0141
2020,h0142
2020,h0143
2020,h0144
2020,h0145
2020,h0146
2020,h0147
2020,h0148
2020,h0149
2020,h0150
2020,h0151
2020,h0152
2020,h0153
2020,h0154
2020,h0155
2020,h0156
2020,h0157
2020,h0158
2020,h0159
2020,h0160
2020,h0161
2020,h0162
2020,h0163
2020,h0164
2020,h0165
2020,h0166
2020,h0167
2020,h0168
2020,h0169
2020,h0170
2020,h0171
2020,h0172
2020,h0173
2020,h0174
2020,h0175
2020,h0176
2020,h0177
2020,h0178
2020,h0179
2020,h0180
2020,h0181
2020,h0182
2020,h0183
2020,h0184
2020,h0185
2020,h0186
2020,h0187
2020,h0188
2020,h0189
2020,h0190
2020,h0191
2020,h0192
2020,h0193
2020,h0194
2020,h0195
2020,h0196
2020,h0197
2020,h0198
2020,h0199
2020,h0200
2020,h0201
2020,h0202
2020,h0203
2020,h0204
2020,h0205
2020,h0206
2020,h0207
2020,h0208
2020,h0209
2020,h0210
2020,h0211
2020,h0212
2020,h0213
2020,h0214
2020,h0215
2020,h0216
2020,h0217
2020,h0218
2020,h0219
2020,h0220
2020,h0221
2020,h0222
2020,h0223
2020,h0224
2020,h0225
2020,h0226
2020,h0227
2020,h0228
2020,h0229
2020,h0230
2020,h0231
2020,h0232
2020,h0233
2020,h0234
2020,h0235
2020,h0236
2020,h0237
2020,h0238
2020,h0239
2020,h0240
2020,h0241
2020,h0242
2020,h0243
2020,h0244
2020,h0245
2020,h0246
2020,h0247
2020,h0248
2020,h0249
2020,h0250
2020,h0251
2020,h0252
2020,h0253
2020,h0254
2020,h0255
2020,h0256
2020,h0257
2020,h0258
2020,h0259
2020,h0260
2020,h0261
2020,h0262
2020,h0263
2020,h0264
2020,h0265
2020,h0266
2020,h0267
2020,h0268
2020,h0269
2020,h0270
2020,h0271
2020,h0272
2020,h0273
2020,h0274
2020,h0275
2020,h0276
2020,h0277
2020,h0278
2020,h0279
2020,h0280
2020,h0281
2020,h0282
2020,h0283
2020,h0284
2020,h0285
2020,h0286
2020,h0287
2020,h0288
2020,h0289
2020,h0290
2020,h0291
2020,h0292
2020,h0293
2020,h0294
2020,h0295
2020,h0296
2020,h0297
2020,h0298
2020,h0299
2020,h0300
2020,h0301
2020,h0302
2020,h0303
2020,h0304
2020,h0305
2020,h0306
2020,h0307
2020,h0308
2020,h0309
2020,h0310
2020,h0311
2020,h0312
2020,h0313
2020,h0314
2020,h0315
2020,h0316
2020,h0317
2020,h0318
2020,h0319
2020,h0320
2020,h0321
2020,h0322
2020,h0323
2020,h0324
2020,h0325
2020,h0326
2020,h0327
2020,h0328
2020,h0329
2020,h0330
2020,h0331
2020,h0332
2020,h0333
2020,h0334
2020,h0335
2020,h0336
2020,h0337
2020,h0338
2020,h0339
2020,h0340
2020,h0341
2020,h0342
2020,h0343
2020,h0344
2020,h0345
2020,h0346
2020,h0347
2020,h0348
2020,h0349
2020,h0350
2020,h0351
2020,h0352
2020,h0353
2020,h0354
2020,h0355
2020,h0356
2020,h0357
2020,h0358
2020,h0359
2020,h0360
2020,h0361
2020,h0362
2020,h0363
2020,h0364
2020,h0365
2020,h0366
2020,h0367
2020,h0368
2020,h0369
2020,h0370
2020,h0371
2020,h0372
2020,h0373
2020,h0374
2020,h0375
2020,h0376
2020,h0377
2020,h0378
2020,h0379
2020,h0380
2020,h0381
2020,h0382
2020,h0383
2020,h0384
2020,h0385
2020,h0386
2020,h0387
2020,h0388
2020,h0389
2020,h0390
2020,h0391
2020,h0392
2020,h0393
2020,h0394
2020,h0395
2020,h0396
2020,h0397
2020,h0398
2020,h0399
2020,h0400
2020,h0401
2020,h0402
2020,h0403
2020,h0404
2020,h0405
2020,h0406
2020,h0407
2020,h0408
2020,h0409
2020,h0410
2020,h0411
2020,h0412
2020,h0413
2020,h0414
2020,h0415
2020,h0416
2020,h0417
2020,h0418
2020,h0419
2020,h0420
2020,h0421
2020,h0422
2020,h0423
2020,h0424
2020,h0425
2020,h0426
2020,h0427
2020,h0428
2020,h0429
2020,h0430
2020,h0431
2020,h0432
2020,h0433
2020,h0434
2020,h0435
2020,h0436
2020,h0437
2020,h0438
2020,h0439
2020,h0440
2020,h0441
2020,h0442
2020,h0443
2020,h0444
2020,h0445
2020,h0446
2020,h0447
2020,h0448
2020,h0449
2020,h0450
2020,h0451
2020,h0452
2020,h0453
2020,h0454
2020,h0455
2020,h0456
2020,h0457
2020,h0458
2020,h0459
2020,h0460
2020,h0461
2020,h0462
2020,h0463
2020,h0464
2020,h0465
2020,h0466
2020,h0467
2020,h0468
2020,h0469
2020,h0470
2020,h0471
2020,h0472
2020,h0473
2020,h0474
2020,h0475
2020,h0476
2020,h0477
2020,h0478
2020,h0479
2020,h0480
2020,h0481
2020,h0482
2020,h0483
2020,h0484
2020,h0485
2020,h0486
2020,h0487
2020,h0488
2020,h0489
2020,h0490
2020,h0491
2020,h0492
2020,h0493
2020,h0494
2020,h0495
2020,h0496
2020,h0497
2020,h0498
2020,h0499
2020,h0500
2020,h0501
2020,h0502
2020,h0503
2020,h0504
2020,h0505
2020,h0506
2020,h0507
2020,h0508
2020,h0509
2020,h0510
2020,h0511
2020,h0512
2020,h0513
2020,h0514
2020,h0515
2020,h0516
2020,h0517
2020,h0518
2020,h0519
2020,h0520
2020,h0521
2020,h0522
2020,h0523
2020,h0524
2020,h0525
2020,h0526
2020,h0527
2020,h0528
2020,h0529
2020,h0530
2020,h0531
2020,h0532
2020,h0533
2020,h0534
2020,h0535
2020,h0536
2020,h0537
2020,h0538
2020,h0539
2020,h0540
2020,h0541
2020,h0542
2020,h0543
2020,h0544
2020,h0545
2020,h0546
2020,h0547
2020,h0548
2020,h0549
2020,h0550
2020,h0551
2020,h0552
2020,h0553
2020,h0554
2020,h0555
2020,h0556
2020,h0557
2020,h0558
2020,h0559
2020,h0560
2020,h0561
2020,h0562
2020,h0563
2020,h0564
2020,h0565
2020,h0566
2020,h0567
2020,h0568
2020,h0569
2020,h0570
2020,h0571
2020,h0572
2020,h0573
2020,h0574
2020,h0575
2020,h0576
2020,h0577
2020,h0578
2020,h0579
2020,h0580
2020,h0581
2020,h0582
2020,h0583
2020,h0584
2020,h0585
2020,h0586
2020,h0587
2020,h0588
2020,h0589
2020,h0590
2020,h0591
2020,h0592
2020,h0593
2020,h0594
2020,h0595
2020,h0596
2020,h0597
2020,h0598
2020,h0599
2020,h0600
2020,h0601
2020,h0602
2020,h0603
2020,h0604
2020,h0605
2020,h0606
2020,h0607
2020,h0608
2020,h0609
2020,h0610
2020,h0611
2020,h0612
2020,h0613
2020,h0614
2020,h0615
2020,h0616
2020,h0617
2020,h0618
2020,h0619
2020,h0620
2020,h0621
2020,h0622
2020,h0623
2020,h0624
2020,h0625
2020,h0626
2020,h0627
2020,h0628
2020,h0629
2020,h0630
2020,h0631
2020,h0632
2020,h0633
2020,h0634
2020,h0635
2020,h0636
2020,h0637
2020,h0638
2020,h0639
2020,h0640
2020,h0641
2020,h0642
2020,h0643
2020,h0644
2020,h0645
2020,h0646
2020,h0647
2020,h0648
2020,h0649
2020,h0650
2020,h0651
2020,h0652
2020,h0653
2020,h0654
2020,h0655
2020,h0656
2020,h0657
2020,h0658
2020,h0659
2020,h0660
2020,h0661
2020,h0662
2020,h0663
2020,h0664
2020,h0665
2020,h0666
2020,h0667
2020,h0668
2020,h0669
2020,h0670
2020,h0671
2020,h0672
2020,h0673
2020,h0674
2020,h0675
2020,h0676
2020,h0677
2020,h0678
2020,h0679
2020,h0680
2020,h0681
2020,h0682
2020,h0683
2020,h0684
2020,h0685
2020,h0686
2020,h0687
2020,h0688
2020,h0689
2020,h0690
2020,h0691
2020,h0692
2020,h0693
2020,h0694
2020,h0695
2020,h0696
2020,h0697
2020,h0698
2020,h0699
2020,h0700
2020,h0701
2020,h0702
2020,h0703
2020,h0704
2020,h0705
2020,h0706
2020,h0707
2020,h0708
2020,h0709
2020,h0710
2020,h0711
2020,h0712
2020,h0713
2020,h0714
2020,h0715
2020,h0716
2020,h0717
2020,h0718
2020,h0719
2020,h0720
2020,h0721
2020,h0722
2020,h0723
2020,h0724
2020,h0725
2020,h0726
2020,h0727
2020,h0728
2020,h0729
2020,h0730
2020,h0731
2020,h0732
2020,h0733
2020,h0734
2020,h0735
2020,h0736
2020,h0737
2020,h0738
2020,h0739
2020,h0740
2020,h0741
2020,h0742
2020,h0743
2020,h0744
2020,h0745
2020,h0746
2020,h0747
2020,h0748
2020,h0749
2020,h0750
2020,h0751
2020,h0752
2020,h0753
2020,h0754
2020,h0755
2020,h0756
2020,h0757
2020,h0758
2020,h0759
2020,h0760
2020,h0761
2020,h0762
2020,h0763
2020,h0764
2020,h0765
2020,h0766
2020,h0767
2020,h0768
2020,h0769
2020,h0770
2020,h0771
2020,h0772
2020,h0773
2020,h0774
2020,h0775
2020,h0776
2020,h0777
2020,h0778
2020,h0779
2020,h0780
2020,h0781
2020,h0782
2020,h0783
2020,h0784
2020,h0785
2020,h0786
2020,h0787
2020,h0788
2020,h0789
2020,h0790
2020,h0791
2020,h0792
2020,h0793
2020,h0794
2020,h0795
2020,h0796
2020,h0797
2020,h0798
2020,h0799
2020,h0800
2020,h0801
2020,h0802
2020,h0803
2020,h0804
2020,h0805
2020,h0806
2020,h0807
2020,h0808
2020,h0809
2020,h0810
2020,h0811
2020,h0812
2020,h0813
2020,h0814
2020,h0815
2020,h0816
2020,h0817
2020,h0818
2020,h0819
2020,h0820
2020,h0821
2020,h0822
2020,h0823
2020,h0824
2020,h0825
2020,h0826
2020,h0827
2020,h0828
2020,h0829
2020,h0830
2020,h0831
2020,h0832
2020,h0833
2020,h0834
2020,h0835
2020,h0836
2020,h0837
2020,h0838
2020,h0839
2020,h0840
2020,h0841
2020,h0842
2020,h0843
2020,h0844
2020,h0845
2020,h0846
2020,h0847
2020,h0848
2020,h0849
2020,h0850
2020,h0851
2020,h0852
2020,h0853
2020,h0854
2020,h0855
2020,h0856
2020,h0857
2020,h0858
2020,h0859
2020,h0860
2020,h0861
2020,h0862
2020,h0863
2020,h0864
2020,h0865
2020,h0866
2020,h0867
2020,h0868
2020,h0869
2020,h0870
2020,h0871
2020,h0872
2020,h0873
2020,h0874
2020,h0875
2020,h0876
2020,h0877
2020,h0878
2020,h0879
2020,h0880
2020,h0881
2020,h0882
2020,h0883
2020,h0884
2020,h0885
2020,h0886
2020,h0887
2020,h0888
2020,h0889
2020,h0890
2020,h0891
2020,h0892
2020,h0893
2020,h0894
2020,h0895
2020,h0896
2020,h0897
2020,h0898
2020,h0899
2020,h0900
2020,h0901
2020,h0902
2020,h0903
2020,h0904
2020,h0905
2020,h0906
2020,h0907
2020,h0908
2020,h0909
2020,h0910
2020,h0911
2020,h0912
2020,h0913
2020,h0914
2020,h0915
2020,h0916
2020,h0917
2020,h0918
2020,h0919
2020,h0920
2020,h0921
2020,h0922
2020,h0923
2020,h0924
2020,h0925
2020,h0926
2020,h0927
2020,h0928
2020,h0929
2020,h0930
2020,h0931
2020,h0932
2020,h0933
2020,h0934
2020,h0935
2020,h0936
2020,h0937
2020,h0938
2020,h0939
2020,h0940
2020,h0941
2020,h0942
2020,h0943
2020,h0944
2020,h0945
2020,h0946
2020,h0947
2020,h0948
2020,h0949
2020,h0950
2020,h0951
2020,h0952
2020,h0953
2020,h0954
2020,h0955
2020,h0956
2020,h0957
2020,h0958
2020,h0959
2020,h0960
2020,h0961
2020,h0962
2020,h0963
2020,h0964
2020,h0965
2020,h0966
2020,h0967
2020,h0968
2020,h0969
2020,h0970
2020,h0971
2020,h0972
2020,h0973
2020,h0974
2020,h0975
2020,h0976
2020,h0977
2020,h0978
2020,h0979
2020,h0980
2020,h0981
2020,h0982
2020,h0983
2020,h0984
2020,h0985
2020,h0986
2020,h0987
2020,h0988
2020,h0989
2020,h0990
2020,h0991
2020,h0992
2020,h0993
2020,h0994
2020,h0995
2020,h0996
2020,h0997
2020,h0998
2020,h0999
2020,h1000
2020,h1001
2020,h1002
2020,h1003
2020,h1004
2020,h1005
2020,h1006
2020,h1007
2020,h1008
2020,h1009
2020,h1010
2020,h1011
2020,h1012
2020,h1013
2020,h1014
2020,h1015
2020,h1016
2020,h1017
2020,h1018
2020,h1019
2020,h1020
2020,h1021
2020,h1022
2020,h1023
2020,h1024
2020,h1025
2020,h1026
2020,h1027
2020,h1028
2020,h1029
2020,h1030
2020,h1031
2020,h1032
2020,h1033
2020,h1034
2020,h1035
2020,h1036
2020,h1037
2020,h1038
2020,h1039
2020,h1040
2020,h1041
2020,h1042
2020,h1043
2020,h1044
2020,h1045
2020,h1046
2020,h1047
2020,h1048
2020,h1049
2020,h1050
2020,h1051
2020,h1052
2020,h1053
2020,h1054
2020,h1055
2020,h1056
2020,h1057
2020,h1058
2020,h1059
2020,h1060
2020,h1061
2020,h1062
2020,h1063
2020,h1064
2020,h1065
2020,h1066
2020,h1067
2020,h1068
2020,h1069
2020,h1070
2020,h1071
2020,h1072
2020,h1073
2020,h1074
2020,h1075
2020,h1076
2020,h1077
2020,h1078
2020,h1079
2020,h1080
2020,h1081
2020,h1082
2020,h1083
2020,h1084
2020,h1085
2020,h1086
2020,h1087
2020,h1088
2020,h1089
2020,h1090
2020,h1091
2020,h1092
2020,h1093
2020,h1094
2020,h1095
2020,h1096
2020,h1097
2020,h1098
2020,h1099
2020,h1100
2020,h1101
2020,h1102
2020,h1103
2020,h1104
2020,h1105
2020,h1106
2020,h1107
2020,h1108
2020,h1109
2020,h1110
2020,h1111
2020,h1112
2020,h1113
2020,h1114
2020,h1115
2020,h1116
2020,h1117
2020,h1118
2020,h1119
2020,h1120
2020,h1121
2020,h1122
2020,h1123
2020,h1124
2020,h1125
2020,h1126
2020,h1127
2020,h1128
2020,h1129
2020,h1130
2020,h1131
2020,h1132
2020,h1133
2020,h1134
2020,h1135
2020,h1136
2020,h1137
2020,h1138
2020,h1139
2020,h1140
2020,h1141
2020,h1142
2020,h1143
2020,h1144
2020,h1145
2020,h1146
2020,h1147
2020,h1148
2020,h1149
2020,h1150
2020,h1151
2020,h1152
2020,h1153
2020,h1154
2020,h1155
2020,h1156
2020,h1157
2020,h1158
2020,h1159
2020,h1160
2020,h1161
2020,h1162
2020,h1163
2020,h1164
2020,h1165
2020,h1166
2020,h1167
2020,h1168
2020,h1169
2020,h1170
2020,h1171
2020,h1172
2020,h1173
2020,h1174
2020,h1175
2020,h1176
2020,h1177
2020,h1178
2020,h1179
2020,h1180
2020,h1181
2020,h1182
2020,h1183
2020,h1184
2020,h1185
2020,h1186
2020,h1187
2020,h1188
2020,h1189
2020,h1190
2020,h1191
2020,h1192
2020,h1193
2020,h1194
2020,h1195
2020,h1196
2020,h1197
2020,h1198
2020,h1199
2020,h1200
2020,h1201
2020,h1202
2020,h1203
2020,h1204
2020,h1205
2020,h1206
2020,h1207
2020,h1208
2020,h1209
2020,h1210
2020,h1211
2020,h1212
2020,h1213
2020,h1214
2020,h1215
2020,h1216
2020,h1217
2020,h1218
2020,h1219
2020,h1220
2020,h1221
2020,h1222
2020,h1223
2020,h1224
2020,h1225
2020,h1226
2020,h1227
2020,h1228
2020,h1229
2020,h1230
2020,h1231
2020,h1232
2020,h1233
2020,h1234
2020,h1235
2020,h1236
2020,h1237
2020,h1238
2020,h1239
2020,h1240
2020,h1241
2020,h1242
2020,h1243
2020,h1244
2020,h1245
2020,h1246
2020,h1247
2020,h1248
2020,h1249
2020,h1250
2020,h1251
2020,h1252
2020,h1253
2020,h1254
2020,h1255
2020,h1256
2020,h1257
2020,h1258
2020,h1259
2020,h1260
2020,h1261
2020,h1262
2020,h1263
2020,h1264
2020,h1265
2020,h1266
2020,h1267
2020,h1268
2020,h1269
2020,h1270
2020,h1271
2020,h1272
2020,h1273
2020,h1274
2020,h1275
2020,h1276
2020,h1277
2020,h1278
2020,h1279
2020,h1280
2020,h1281
2020,h1282
2020,h1283
2020,h1284
2020,h1285
2020,h1286
2020,h1287
2020,h1288
2020,h1289
2020,h1290
2020,h1291
2020,h1292
2020,h1293
2020,h1294
2020,h1295
2020,h1296
2020,h1297
2020,h1298
2020,h1299
2020,h1300
2020,h1301
2020,h1302
2020,h1303
2020,h1304
2020,h1305
2020,h1306
2020,h1307
2020,h1308
2020,h1309
2020,h1310
2020,h1311
2020,h1312
2020,h1313
2020,h1314
2020,h1315
2020,h1316
2020,h1317
2020,h1318
2020,h1319
2020,h1320
2020,h1321
2020,h1322
2020,h1323
2020,h1324
2020,h1325
2020,h1326
2020,h1327
2020,h1328
2020,h1329
2020,h1330
2020,h1331
2020,h1332
2020,h1333
2020,h1334
2020,h1335
2020,h1336
2020,h1337
2020,h1338
2020,h1339
2020,h1340
2020,h1341
2020,h1342
2020,h1343
2020,h1344
2020,h1345
2020,h1346
2020,h1347
2020,h1348
2020,h1349
2020,h1350
2020,h1351
2020,h1352
2020,h1353
2020,h1354
2020,h1355
2020,h1356
2020,h1357
2020,h1358
2020,h1359
2020,h1360
2020,h1361
2020,h1362
2020,h1363
2020,h1364
2020,h1365
2020,h1366
2020,h1367
2020,h1368
2020,h1369
2020,h1370
2020,h1371
2020,h1372
2020,h1373
2020,h1374
2020,h1375
2020,h1376
2020,h1377
2020,h1378
2020,h1379
2020,h1380
2020,h1381
2020,h1382
2020,h1383
2020,h1384
2020,h1385
2020,h1386
2020,h1387
2020,h1388
2020,h1389
2020,h1390
2020,h1391
2020,h1392
2020,h1393
2020,h1394
2020,h1395
2020,h1396
2020,h1397
2020,h1398
2020,h1399
2020,h1400
2020,h1401
2020,h1402
2020,h1403
2020,h1404
2020,h1405
2020,h1406
2020,h1407
2020,h1408
2020,h1409
2020,h1410
2020,h1411
2020,h1412
2020,h1413
2020,h1414
2020,h1415
2020,h1416
2020,h1417
2020,h1418
2020,h1419
2020,h1420
2020,h1421
2020,h1422
2020,h1423
2020,h1424
2020,h1425
2020,h1426
2020,h1427
2020,h1428
2020,h1429
2020,h1430
2020,h1431
2020,h1432
2020,h1433
2020,h1434
2020,h1435
2020,h1436
2020,h1437
2020,h1438
2020,h1439
2020,h1440
2020,h1441
2020,h1442
2020,h1443
2020,h1444
2020,h1445
2020,h1446
2020,h1447
2020,h1448
2020,h1449
2020,h1450
2020,h1451
2020,h1452
2020,h1453
2020,h1454
2020,h1455
2020,h1456
2020,h1457
2020,h1458
2020,h1459
2020,h1460
2020,h1461
2020,h1462
2020,h1463
2020,h1464
2020,h1465
2020,h1466
2020,h1467
2020,h1468
2020,h1469
2020,h1470
2020,h1471
2020,h1472
2020,h1473
2020,h1474
2020,h1475
2020,h1476
2020,h1477
2020,h1478
2020,h1479
2020,h1480
2020,h1481
2020,h1482
2020,h1483
2020,h1484
2020,h1485
2020,h1486
2020,h1487
2020,h1488
2020,h1489
2020,h1490
2020,h1491
2020,h1492
2020,h1493
2020,h1494
2020,h1495
2020,h1496
2020,h1497
2020,h1498
2020,h1499
2020,h1500
2020,h1501
2020,h1502
2020,h1503
2020,h1504
2020,h1505
2020,h1506
2020,h1507
2020,h1508
2020,h1509
2020,h1510
2020,h1511
2020,h1512
2020,h1513
2020,h1514
2020,h1515
2020,h1516
2020,h1517
2020,h1518
2020,h1519
2020,h1520
2020,h1521
2020,h1522
2020,h1523
2020,h1524
2020,h1525
2020,h1526
2020,h1527
2020,h1528
2020,h1529
2020,h1530
2020,h1531
2020,h1532
2020,h1533
2020,h1534
2020,h1535
2020,h1536
2020,h1537
2020,h1538
2020,h1539
2020,h1540
2020,h1541
2020,h1542
2020,h1543
2020,h1544
2020,h1545
2020,h1546
2020,h1547
2020,h1548
2020,h1549
2020,h1550
2020,h1551
2020,h1552
2020,h1553
2020,h1554
2020,h1555
2020,h1556
2020,h1557
2020,h1558
2020,h1559
2020,h1560
2020,h1561
2020,h1562
2020,h1563
2020,h1564
2020,h1565
2020,h1566
2020,h1567
2020,h1568
2020,h1569
2020,h1570
2020,h1571
2020,h1572
2020,h1573
2020,h1574
2020,h1575
2020,h1576
2020,h1577
2020,h1578
2020,h1579
2020,h1580
2020,h1581
2020,h1582
2020,h1583
2020,h1584
2020,h1585
2020,h1586
2020,h1587
2020,h1588
2020,h1589
2020,h1590
2020,h1591
2020,h1592
2020,h1593
2020,h1594
2020,h1595
2020,h1596
2020,h1597
2020,h1598
2020,h1599
2020,h1600
2020,h1601
2020,h1602
2020,h1603
2020,h1604
2020,h1605
2020,h1606
2020,h1607
2020,h1608
2020,h1609
2020,h1610
2020,h1611
2020,h1612
2020,h1613
2020,h1614
2020,h1615
2020,h1616
2020,h1617
2020,h1618
2020,h1619
2020,h1620
2020,h1621
2020,h1622
2020,h1623
2020,h1624
2020,h1625
2020,h1626
2020,h1627
2020,h1628
2020,h1629
2020,h1630
2020,h1631
2020,h1632
2020,h1633
2020,h1634
2020,h1635
2020,h1636
2020,h1637
2020,h1638
2020,h1639
2020,h1640
2020,h1641
2020,h1642
2020,h1643
2020,h1644
2020,h1645
2020,h1646
2020,h1647
2020,h1648
2020,h1649
2020,h1650
2020,h1651
2020,h1652
2020,h1653
2020,h1654
2020,h1655
2020,h1656
2020,h1657
2020,h1658
2020,h1659
2020,h1660
2020,h1661
2020,h1662
2020,h1663
2020,h1664
2020,h1665
2020,h1666
2020,h1667
2020,h1668
2020,h1669
2020,h1670
2020,h1671
2020,h1672
2020,h1673
2020,h1674
2020,h1675
2020,h1676
2020,h1677
2020,h1678
2020,h1679
2020,h1680
2020,h1681
2020,h1682
2020,h1683
2020,h1684
2020,h1685
2020,h1686
2020,h1687
2020,h1688
2020,h1689
2020,h1690
2020,h1691
2020,h1692
2020,h1693
2020,h1694
2020,h1695
2020,h1696
2020,h1697
2020,h1698
2020,h1699
2020,h1700
2020,h1701
2020,h1702
2020,h1703
2020,h1704
2020,h1705
2020,h1706
2020,h1707
2020,h1708
2020,h1709
2020,h1710
2020,h1711
2020,h1712
2020,h1713
2020,h1714
2020,h1715
2020,h1716
2020,h1717
2020,h1718
2020,h1719
2020,h1720
2020,h1721
2020,h1722
2020,h1723
2020,h1724
2020,h1725
2020,h1726
2020,h1727
2020,h1728
2020,h1729
2020,h1730
2020,h1731
2020,h1732
2020,h1733
2020,h1734
2020,h1735
2020,h1736
2020,h1737
2020,h1738
2020,h1739
2020,h1740
2020,h1741
2020,h1742
2020,h1743
2020,h1744
2020,h1745
2020,h1746
2020,h1747
2020,h1748
2020,h1749
2020,h1750
2020,h1751
2020,h1752
2020,h1753
2020,h1754
2020,h1755
2020,h1756
2020,h1757
2020,h1758
2020,h1759
2020,h1760
2020,h1761
2020,h1762
2020,h1763
2020,h1764
2020,h1765
2020,h1766
2020,h1767
2020,h1768
2020,h1769
2020,h1770
2020,h1771
2020,h1772
2020,h1773
2020,h1774
2020,h1775
2020,h1776
2020,h1777
2020,h1778
2020,h1779
2020,h1780
2020,h1781
2020,h1782
2020,h1783
2020,h1784
2020,h1785
2020,h1786
2020,h1787
2020,h1788
2020,h1789
2020,h1790
2020,h1791
2020,h1792
2020,h1793
2020,h1794
2020,h1795
2020,h1796
2020,h1797
2020,h1798
2020,h1799
2020,h1800
2020,h1801
2020,h1802
2020,h1803
2020,h1804
2020,h1805
2020,h1806
2020,h1807
2020,h1808
2020,h1809
2020,h1810
2020,h1811
2020,h1812
2020,h1813
2020,h1814
2020,h1815
2020,h1816
2020,h1817
2020,h1818
2020,h1819
2020,h1820
2020,h1821
2020,h1822
2020,h1823
2020,h1824
2020,h1825
2020,h1826
2020,h1827
2020,h1828
2020,h1829
2020,h1830
2020,h1831
2020,h1832
2020,h1833
2020,h1834
2020,h1835
2020,h1836
2020,h1837
2020,h1838
2020,h1839
2020,h1840
2020,h1841
2020,h1842
2020,h1843
2020,h1844
2020,h1845
2020,h1846
2020,h1847
2020,h1848
2020,h1849
2020,h1850
2020,h1851
2020,h1852
2020,h1853
2020,h1854
2020,h1855
2020,h1856
2020,h1857
2020,h1858
2020,h1859
2020,h1860
2020,h1861
2020,h1862
2020,h1863
2020,h1864
2020,h1865
2020,h1866
2020,h1867
2020,h1868
2020,h1869
2020,h1870
2020,h1871
2020,h1872
2020,h1873
2020,h1874
2020,h1875
2020,h1876
2020,h1877
2020,h1878
2020,h1879
2020,h1880
2020,h1881
2020,h1882
2020,h1883
2020,h1884
2020,h1885
2020,h1886
2020,h1887
2020,h1888
2020,h1889
2020,h1890
2020,h1891
2020,h1892
2020,h1893
2020,h1894
2020,h1895
2020,h1896
2020,h1897
2020,h1898
2020,h1899
2020,h1900
2020,h1901
2020,h1902
2020,h1903
2020,h1904
2020,h1905
2020,h1906
2020,h1907
2020,h1908
2020,h1909
2020,h1910
2020,h1911
2020,h1912
2020,h1913
2020,h1914
2020,h1915
2020,h1916
2020,h1917
2020,h1918
2020,h1919
2020,h1920
2020,h1921
2020,h1922
2020,h1923
2020,h1924
2020,h1925
2020,h1926
2020,h1927
2020,h1928
2020,h1929
2020,h1930
2020,h1931
2020,h1932
2020,h1933
2020,h1934
2020,h1935
2020,h1936
2020,h1937
2020,h1938
2020,h1939
2020,h1940
2020,h1941
2020,h1942
2020,h1943
2020,h1944
2020,h1945
2020,h1946
2020,h1947
2020,h1948
2020,h1949
2020,h1950
2020,h1951
2020,h1952
2020,h1953
2020,h1954
2020,h1955
2020,h1956
2020,h1957
2020,h1958
2020,h1959
2020,h1960
2020,h1961
2020,h1962
2020,h1963
2020,h1964
2020,h1965
2020,h1966
2020,h1967
2020,h1968
2020,h1969
2020,h1970
2020,h1971
2020,h1972
2020,h1973
2020,h1974
2020,h1975
2020,h1976
2020,h1977
2020,h1978
2020,h1979
2020,h1980
2020,h1981
2020,h1982
2020,h1983
2020,h1984
2020,h1985
2020,h1986
2020,h1987
2020,h1988
2020,h1989
2020,h1990
2020,h1991
2020,h1992
2020,h1993
2020,h1994
2020,h1995
2020,h1996
2020,h1997
2020,h1998
2020,h1999
2020,h2000
2020,h2001
2020,h2002
2020,h2003
2020,h2004
2020,h2005
2020,h2006
2020,h2007
2020,h2008
2020,h2009
2020,h2010
2020,h2011
2020,h2012
2020,h2013
2020,h2014
2020,h2015
2020,h2016
2020,h2017
2020,h2018
2020,h2019
2020,h2020
2020,h2021
2020,h2022
2020,h2023
2020,h2024
2020,h2025
2020,h2026
2020,h2027
2020,h2028
2020,h2029
2020,h2030
2020,h2031
2020,h2032
2020,h2033
2020,h2034
2020,h2035
2020,h2036
2020,h2037
2020,h2038
2020,h2039
2020,h2040
2020,h2041
2020,h2042
2020,h2043
2020,h2044
2020,h2045
2020,h2046
2020,h2047
2020,h2048
2020,h2049
2020,h2050
2020,h2051
2020,h2052
2020,h2053
2020,h2054
2020,h2055
2020,h2056
2020,h2057
2020,h2058
2020,h2059
2020,h2060
2020,h2061
2020,h2062
2020,h2063
2020,h2064
2020,h2065
2020,h2066
2020,h2067
2020,h2068
2020,h2069
2020,h2070
2020,h2071
2020,h2072
2020,h2073
2020,h2074
2020,h2075
2020,h2076
2020,h2077
2020,h2078
2020,h2079
2020,h2080
2020,h2081
2020,h2082
2020,h2083
2020,h2084
2020,h2085
2020,h2086
2020,h2087
2020,h2088
2020,h2089
2020,h2090
2020,h2091
2020,h2092
2020,h2093
2020,h2094
2020,h2095
2020,h2096
2020,h2097
2020,h2098
2020,h2099
2020,h2100
2020,h2101
2020,h2102
2020,h2103
2020,h2104
2020,h2105
2020,h2106
2020,h2107
2020,h2108
2020,h2109
2020,h2110
2020,h2111
2020,h2112
2020,h2113
2020,h2114
2020,h2115
2020,h2116
2020,h2117
2020,h2118
2020,h2119
2020,h2120
2020,h2121
2020,h2122
2020,h2123
2020,h2124
2020,h2125
2020,h2126
2020,h2127
2020,h2128
2020,h2129
2020,h2130
2020,h2131
2020,h2132
2020,h2133
2020,h2134
2020,h2135
2020,h2136
2020,h2137
2020,h2138
2020,h2139
2020,h2140
2020,h2141
2020,h2142
2020,h2143
2020,h2144
2020,h2145
2020,h2146
2020,h2147
2020,h2148
2020,h2149
2020,h2150
2020,h2151
2020,h2152
2020,h2153
2020,h2154
2020,h2155
2020,h2156
2020,h2157
2020,h2158
2020,h2159
2020,h2160
2020,h2161
2020,h2162
2020,h2163
2020,h2164
2020,h2165
2020,h2166
2020,h2167
2020,h2168
2020,h2169
2020,h2170
2020,h2171
2020,h2172
2020,h2173
2020,h2174
2020,h2175
2020,h2176
2020,h2177
2020,h2178
2020,h2179
2020,h2180
2020,h2181
2020,h2182
2020,h2183
2020,h2184
2020,h2185
2020,h2186
2020,h2187
2020,h2188
2020,h2189
2020,h2190
2020,h2191
2020,h2192
2020,h2193
2020,h2194
2020,h2195
2020,h2196
2020,h2197
2020,h2198
2020,h2199
2020,h2200
2020,h2201
2020,h2202
2020,h2203
2020,h2204
2020,h2205
2020,h2206
2020,h2207
2020,h2208
2020,h2209
2020,h2210
2020,h2211
2020,h2212
2020,h2213
2020,h2214
2020,h2215
2020,h2216
2020,h2217
2020,h2218
2020,h2219
2020,h2220
2020,h2221
2020,h2222
2020,h2223
2020,h2224
2020,h2225
2020,h2226
2020,h2227
2020,h2228
2020,h2229
2020,h2230
2020,h2231
2020,h2232
2020,h2233
2020,h2234
2020,h2235
2020,h2236
2020,h2237
2020,h2238
2020,h2239
2020,h2240
2020,h2241
2020,h2242
2020,h2243
2020,h2244
2020,h2245
2020,h2246
2020,h2247
2020,h2248
2020,h2249
2020,h2250
2020,h2251
2020,h2252
2020,h2253
2020,h2254
2020,h2255
2020,h2256
2020,h2257
2020,h2258
2020,h2259
2020,h2260
2020,h2261
2020,h2262
2020,h2263
2020,h2264
2020,h2265
2020,h2266
2020,h2267
2020,h2268
2020,h2269
2020,h2270
2020,h2271
2020,h2272
2020,h2273
2020,h2274
2020,h2275
2020,h2276
2020,h2277
2020,h2278
2020,h2279
2020,h2280
2020,h2281
2020,h2282
2020,h2283
2020,h2284
2020,h2285
2020,h2286
2020,h2287
2020,h2288
2020,h2289
2020,h2290
2020,h2291
2020,h2292
2020,h2293
2020,h2294
2020,h2295
2020,h2296
2020,h2297
2020,h2298
2020,h2299
2020,h2300
2020,h2301
2020,h2302
2020,h2303
2020,h2304
2020,h2305
2020,h2306
2020,h2307
2020,h2308
2020,h2309
2020,h2310
2020,h2311
2020,h2312
2020,h2313
2020,h2314
2020,h2315
2020,h2316
2020,h2317
2020,h2318
2020,h2319
2020,h2320
2020,h2321
2020,h2322
2020,h2323
2020,h2324
2020,h2325
2020,h2326
2020,h2327
2020,h2328
2020,h2329
2020,h2330
2020,h2331
2020,h2332
2020,h2333
2020,h2334
2020,h2335
2020,h2336
2020,h2337
2020,h2338
2020,h2339
2020,h2340
2020,h2341
2020,h2342
2020,h2343
2020,h2344
2020,h2345
2020,h2346
2020,h2347
2020,h2348
2020,h2349
2020,h2350
2020,h2351
2020,h2352
2020,h2353
2020,h2354
2020,h2355
2020,h2356
2020,h2357
2020,h2358
2020,h2359
2020,h2360
2020,h2361
2020,h2362
2020,h2363
2020,h2364
2020,h2365
2020,h2366
2020,h2367
2020,h2368
2020,h2369
2020,h2370
2020,h2371
2020,h2372
2020,h2373
2020,h2374
2020,h2375
2020,h2376
2020,h2377
2020,h2378
2020,h2379
2020,h2380
2020,h2381
2020,h2382
2020,h2383
2020,h2384
2020,h2385
2020,h2386
2020,h2387
2020,h2388
2020,h2389
2020,h2390
2020,h2391
2020,h2392
2020,h2393
2020,h2394
2020,h2395
2020,h2396
2020,h2397
2020,h2398
2020,h2399
2020,h2400
2020,h2401
2020,h2402
2020,h2403
2020,h2404
2020,h2405
2020,h2406
2020,h2407
2020,h2408
2020,h2409
2020,h2410
2020,h2411
2020,h2412
2020,h2413
2020,h2414
2020,h2415
2020,h2416
2020,h2417
2020,h2418
2020,h2419
2020,h2420
2020,h2421
2020,h2422
2020,h2423
2020,h2424
2020,h2425
2020,h2426
2020,h2427
2020,h2428
2020,h2429
2020,h2430
2020,h2431
2020,h2432
2020,h2433
2020,h2434
2020,h2435
2020,h2436
2020,h2437
2020,h2438
2020,h2439
2020,h2440
2020,h2441
2020,h2442
2020,h2443
2020,h2444
2020,h2445
2020,h2446
2020,h2447
2020,h2448
2020,h2449
2020,h2450
2020,h2451
2020,h2452
2020,h2453
2020,h2454
2020,h2455
2020,h2456
2020,h2457
2020,h2458
2020,h2459
2020,h2460
2020,h2461
2020,h2462
2020,h2463
2020,h2464
2020,h2465
2020,h2466
2020,h2467
2020,h2468
2020,h2469
2020,h2470
2020,h2471
2020,h2472
2020,h2473
2020,h2474
2020,h2475
2020,h2476
2020,h2477
2020,h2478
2020,h2479
2020,h2480
2020,h2481
2020,h2482
2020,h2483
2020,h2484
2020,h2485
2020,h2486
2020,h2487
2020,h2488
2020,h2489
2020,h2490
2020,h2491
2020,h2492
2020,h2493
2020,h2494
2020,h2495
2020,h2496
2020,h2497
2020,h2498
2020,h2499
2020,h2500
2020,h2501
2020,h2502
2020,h2503
2020,h2504
2020,h2505
2020,h2506
2020,h2507
2020,h2508
2020,h2509
2020,h2510
2020,h2511
2020,h2512
2020,h2513
2020,h2514
2020,h2515
2020,h2516
2020,h2517
2020,h2518
2020,h2519
2020,h2520
2020,h2521
2020,h2522
2020,h2523
2020,h2524
2020,h2525
2020,h2526
2020,h2527
2020,h2528
2020,h2529
2020,h2530
2020,h2531
2020,h2532
2020,h2533
2020,h2534
2020,h2535
2020,h2536
2020,h2537
2020,h2538
2020,h2539
2020,h2540
2020,h2541
2020,h2542
2020,h2543
2020,h2544
2020,h2545
2020,h2546
2020,h2547
2020,h2548
2020,h2549
2020,h2550
2020,h2551
2020,h2552
2020,h2553
2020,h2554
2020,h2555
2020,h2556
2020,h2557
2020,h2558
2020,h2559
2020,h2560
2020,h2561
2020,h2562
2020,h2563
2020,h2564
2020,h2565
2020,h2566
2020,h2567
2020,h2568
2020,h2569
2020,h2570
2020,h2571
2020,h2572
2020,h2573
2020,h2574
2020,h2575
2020,h2576
2020,h2577
2020,h2578
2020,h2579
2020,h2580
2020,h2581
2020,h2582
2020,h2583
2020,h2584
2020,h2585
2020,h2586
2020,h2587
2020,h2588
2020,h2589
2020,h2590
2020,h2591
2020,h2592
2020,h2593
2020,h2594
2020,h2595
2020,h2596
2020,h2597
2020,h2598
2020,h2599
2020,h2600
2020,h2601
2020,h2602
2020,h2603
2020,h2604
2020,h2605
2020,h2606
2020,h2607
2020,h2608
2020,h2609
2020,h2610
2020,h2611
2020,h2612
2020,h2613
2020,h2614
2020,h2615
2020,h2616
2020,h2617
2020,h2618
2020,h2619
2020,h2620
2020,h2621
2020,h2622
2020,h2623
2020,h2624
2020,h2625
2020,h2626
2020,h2627
2020,h2628
2020,h2629
2020,h2630
2020,h2631
2020,h2632
2020,h2633
2020,h2634
2020,h2635
2020,h2636
2020,h2637
2020,h2638
2020,h2639
2020,h2640
2020,h2641
2020,h2642
2020,h2643
2020,h2644
2020,h2645
2020,h2646
2020,h2647
2020,h2648
2020,h2649
2020,h2650
2020,h2651
2020,h2652
2020,h2653
2020,h2654
2020,h2655
2020,h2656
2020,h2657
2020,h2658
2020,h2659
2020,h2660
2020,h2661
2020,h2662
2020,h2663
2020,h2664
2020,h2665
2020,h2666
2020,h2667
2020,h2668
2020,h2669
2020,h2670
2020,h2671
2020,h2672
2020,h2673
2020,h2674
2020,h2675
2020,h2676
2020,h2677
2020,h2678
2020,h2679
2020,h2680
2020,h2681
2020,h2682
2020,h2683
2020,h2684
2020,h2685
2020,h2686
2020,h2687
2020,h2688
2020,h2689
2020,h2690
2020,h2691
2020,h2692
2020,h2693
2020,h2694
2020,h2695
2020,h2696
2020,h2697
2020,h2698
2020,h2699
2020,h2700
2020,h2701
2020,h2702
2020,h2703
2020,h2704
2020,h2705
2020,h2706
2020,h2707
2020,h2708
2020,h2709
2020,h2710
2020,h2711
2020,h2712
2020,h2713
2020,h2714
2020,h2715
2020,h2716
2020,h2717
2020,h2718
2020,h2719
2020,h2720
2020,h2721
2020,h2722
2020,h2723
2020,h2724
2020,h2725
2020,h2726
2020,h2727
2020,h2728
2020,h2729
2020,h2730
2020,h2731
2020,h2732
2020,h2733
2020,h2734
2020,h2735
2020,h2736
2020,h2737
2020,h2738
2020,h2739
2020,h2740
2020,h2741
2020,h2742
2020,h2743
2020,h2744
2020,h2745
2020,h2746
2020,h2747
2020,h2748
2020,h2749
2020,h2750
2020,h2751
2020,h2752
2020,h2753
2020,h2754
2020,h2755
2020,h2756
2020,h2757
2020,h2758
2020,h2759
2020,h2760
2020,h2761
2020,h2762
2020,h2763
2020,h2764
2020,h2765
2020,h2766
2020,h2767
2020,h2768
2020,h2769
2020,h2770
2020,h2771
2020,h2772
2020,h2773
2020,h2774
2020,h2775
2020,h2776
2020,h2777
2020,h2778
2020,h2779
2020,h2780
2020,h2781
2020,h2782
2020,h2783
2020,h2784
2020,h2785
2020,h2786
2020,h2787
2020,h2788
2020,h2789
2020,h2790
2020,h2791
2020,h2792
2020,h2793
2020,h2794
2020,h2795
2020,h2796
2020,h2797
2020,h2798
2020,h2799
2020,h2800
2020,h2801
2020,h2802
2020,h2803
2020,h2804
2020,h2805
2020,h2806
2020,h2807
2020,h2808
2020,h2809
2020,h2810
2020,h2811
2020,h2812
2020,h2813
2020,h2814
2020,h2815
2020,h2816
2020,h2817
2020,h2818
2020,h2819
2020,h2820
2020,h2821
2020,h2822
2020,h2823
2020,h2824
2020,h2825
2020,h2826
2020,h2827
2020,h2828
2020,h2829
2020,h2830
2020,h2831
2020,h2832
2020,h2833
2020,h2834
2020,h2835
2020,h2836
2020,h2837
2020,h2838
2020,h2839
2020,h2840
2020,h2841
2020,h2842
2020,h2843
2020,h2844
2020,h2845
2020,h2846
2020,h2847
2020,h2848
2020,h2849
2020,h2850
2020,h2851
2020,h2852
2020,h2853
2020,h2854
2020,h2855
2020,h2856
2020,h2857
2020,h2858
2020,h2859
2020,h2860
2020,h2861
2020,h2862
2020,h2863
2020,h2864
2020,h2865
2020,h2866
2020,h2867
2020,h2868
2020,h2869
2020,h2870
2020,h2871
2020,h2872
2020,h2873
2020,h2874
2020,h2875
2020,h2876
2020,h2877
2020,h2878
2020,h2879
2020,h2880
2020,h2881
2020,h2882
2020,h2883
2020,h2884
2020,h2885
2020,h2886
2020,h2887
2020,h2888
2020,h2889
2020,h2890
2020,h2891
2020,h2892
2020,h2893
2020,h2894
2020,h2895
2020,h2896
2020,h2897
2020,h2898
2020,h2899
2020,h2900
2020,h2901
2020,h2902
2020,h2903
2020,h2904
2020,h2905
2020,h2906
2020,h2907
2020,h2908
2020,h2909
2020,h2910
2020,h2911
2020,h2912
2020,h2913
2020,h2914
2020,h2915
2020,h2916
2020,h2917
2020,h2918
2020,h2919
2020,h2920
2020,h2921
2020,h2922
2020,h2923
2020,h2924
2020,h2925
2020,h2926
2020,h2927
2020,h2928
2020,h2929
2020,h2930
2020,h2931
2020,h2932
2020,h2933
2020,h2934
2020,h2935
2020,h2936
2020,h2937
2020,h2938
2020,h2939
2020,h2940
2020,h2941
2020,h2942
2020,h2943
2020,h2944
2020,h2945
2020,h2946
2020,h2947
2020,h2948
2020,h2949
2020,h2950
2020,h2951
2020,h2952
2020,h2953
2020,h2954
2020,h2955
2020,h2956
2020,h2957
2020,h2958
2020,h2959
2020,h2960
2020,h2961
2020,h2962
2020,h2963
2020,h2964
2020,h2965
2020,h2966
2020,h2967
2020,h2968
2020,h2969
2020,h2970
2020,h2971
2020,h2972
2020,h2973
2020,h2974
2020,h2975
2020,h2976
2020,h2977
2020,h2978
2020,h2979
2020,h2980
2020,h2981
2020,h2982
2020,h2983
2020,h2984
2020,h2985
2020,h2986
2020,h2987
2020,h2988
2020,h2989
2020,h2990
2020,h2991
2020,h2992
2020,h2993
2020,h2994
2020,h2995
2020,h2996
2020,h2997
2020,h2998
2020,h2999
2020,h3000
2020,h3001
2020,h3002
2020,h3003
2020,h3004
2020,h3005
2020,h3006
2020,h3007
2020,h3008
2020,h3009
2020,h3010
2020,h3011
2020,h3012
2020,h3013
2020,h3014
2020,h3015
2020,h3016
2020,h3017
2020,h3018
2020,h3019
2020,h3020
2020,h3021
2020,h3022
2020,h3023
2020,h3024
2020,h3025
2020,h3026
2020,h3027
2020,h3028
2020,h3029
2020,h3030
2020,h3031
2020,h3032
2020,h3033
2020,h3034
2020,h3035
2020,h3036
2020,h3037
2020,h3038
2020,h3039
2020,h3040
2020,h3041
2020,h3042
2020,h3043
2020,h3044
2020,h3045
2020,h3046
2020,h3047
2020,h3048
2020,h3049
2020,h3050
2020,h3051
2020,h3052
2020,h3053
2020,h3054
2020,h3055
2020,h3056
2020,h3057
2020,h3058
2020,h3059
2020,h3060
2020,h3061
2020,h3062
2020,h3063
2020,h3064
2020,h3065
2020,h3066
2020,h3067
2020,h3068
2020,h3069
2020,h3070
2020,h3071
2020,h3072
2020,h3073
2020,h3074
2020,h3075
2020,h3076
2020,h3077
2020,h3078
2020,h3079
2020,h3080
2020,h3081
2020,h3082
2020,h3083
2020,h3084
2020,h3085
2020,h3086
2020,h3087
2020,h3088
2020,h3089
2020,h3090
2020,h3091
2020,h3092
2020,h3093
2020,h3094
2020,h3095
2020,h3096
2020,h3097
2020,h3098
2020,h3099
2020,h3100
2020,h3101
2020,h3102
2020,h3103
2020,h3104
2020,h3105
2020,h3106
2020,h3107
2020,h3108
2020,h3109
2020,h3110
2020,h3111
2020,h3112
2020,h3113
2020,h3114
2020,h3115
2020,h3116
2020,h3117
2020,h3118
2020,h3119
2020,h3120
2020,h3121
2020,h3122
2020,h3123
2020,h3124
2020,h3125
2020,h3126
2020,h3127
2020,h3128
2020,h3129
2020,h3130
2020,h3131
2020,h3132
2020,h3133
2020,h3134
2020,h3135
2020,h3136
2020,h3137
2020,h3138
2020,h3139
2020,h3140
2020,h3141
2020,h3142
2020,h3143
2020,h3144
2020,h3145
2020,h3146
2020,h3147
2020,h3148
2020,h3149
2020,h3150
2020,h3151
2020,h3152
2020,h3153
2020,h3154
2020,h3155
2020,h3156
2020,h3157
2020,h3158
2020,h3159
2020,h3160
2020,h3161
2020,h3162
2020,h3163
2020,h3164
2020,h3165
2020,h3166
2020,h3167
2020,h3168
2020,h3169
2020,h3170
2020,h3171
2020,h3172
2020,h3173
2020,h3174
2020,h3175
2020,h3176
2020,h3177
2020,h3178
2020,h3179
2020,h3180
2020,h3181
2020,h3182
2020,h3183
2020,h3184
2020,h3185
2020,h3186
2020,h3187
2020,h3188
2020,h3189
2020,h3190
2020,h3191
2020,h3192
2020,h3193
2020,h3194
2020,h3195
2020,h3196
2020,h3197
2020,h3198
2020,h3199
2020,h3200
2020,h3201
2020,h3202
2020,h3203
2020,h3204
2020,h3205
2020,h3206
2020,h3207
2020,h3208
2020,h3209
2020,h3210
2020,h3211
2020,h3212
2020,h3213
2020,h3214
2020,h3215
2020,h3216
2020,h3217
2020,h3218
2020,h3219
2020,h3220
2020,h3221
2020,h3222
2020,h3223
2020,h3224
2020,h3225
2020,h3226
2020,h3227
2020,h3228
2020,h3229
2020,h3230
2020,h3231
2020,h3232
2020,h3233
2020,h3234
2020,h3235
2020,h3236
2020,h3237
2020,h3238
2020,h3239
2020,h3240
2020,h3241
2020,h3242
2020,h3243
2020,h3244
2020,h3245
2020,h3246
2020,h3247
2020,h3248
2020,h3249
2020,h3250
2020,h3251
2020,h3252
2020,h3253
2020,h3254
2020,h3255
2020,h3256
2020,h3257
2020,h3258
2020,h3259
2020,h3260
2020,h3261
2020,h3262
2020,h3263
2020,h3264
2020,h3265
2020,h3266
2020,h3267
2020,h3268
2020,h3269
2020,h3270
2020,h3271
2020,h3272
2020,h3273
2020,h3274
2020,h3275
2020,h3276
2020,h3277
2020,h3278
2020,h3279
2020,h3280
2020,h3281
2020,h3282
2020,h3283
2020,h3284
2020,h3285
2020,h3286
2020,h3287
2020,h3288
2020,h3289
2020,h3290
2020,h3291
2020,h3292
2020,h3293
2020,h3294
2020,h3295
2020,h3296
2020,h3297
2020,h3298
2020,h3299
2020,h3300
2020,h3301
2020,h3302
2020,h3303
2020,h3304
2020,h3305
2020,h3306
2020,h3307
2020,h3308
2020,h3309
2020,h3310
2020,h3311
2020,h3312
2020,h3313
2020,h3314
2020,h3315
2020,h3316
2020,h3317
2020,h3318
2020,h3319
2020,h3320
2020,h3321
2020,h3322
2020,h3323
2020,h3324
2020,h3325
2020,h3326
2020,h3327
2020,h3328
2020,h3329
2020,h3330
2020,h3331
2020,h3332
2020,h3333
2020,h3334
2020,h3335
2020,h3336
2020,h3337
2020,h3338
2020,h3339
2020,h3340
2020,h3341
2020,h3342
2020,h3343
2020,h3344
2020,h3345
2020,h3346
2020,h3347
2020,h3348
2020,h3349
2020,h3350
2020,h3351
2020,h3352
2020,h3353
2020,h3354
2020,h3355
2020,h3356
2020,h3357
2020,h3358
2020,h3359
2020,h3360
2020,h3361
2020,h3362
2020,h3363
2020,h3364
2020,h3365
2020,h3366
2020,h3367
2020,h3368
2020,h3369
2020,h3370
2020,h3371
2020,h3372
2020,h3373
2020,h3374
2020,h3375
2020,h3376
2020,h3377
2020,h3378
2020,h3379
2020,h3380
2020,h3381
2020,h3382
2020,h3383
2020,h3384
2020,h3385
2020,h3386
2020,h3387
2020,h3388
2020,h3389
2020,h3390
2020,h3391
2020,h3392
2020,h3393
2020,h3394
2020,h3395
2020,h3396
2020,h3397
2020,h3398
2020,h3399
2020,h3400
2020,h3401
2020,h3402
2020,h3403
2020,h3404
2020,h3405
2020,h3406
2020,h3407
2020,h3408
2020,h3409
2020,h3410
2020,h3411
2020,h3412
2020,h3413
2020,h3414
2020,h3415
2020,h3416
2020,h3417
2020,h3418
2020,h3419
2020,h3420
2020,h3421
2020,h3422
2020,h3423
2020,h3424
2020,h3425
2020,h3426
2020,h3427
2020,h3428
2020,h3429
2020,h3430
2020,h3431
2020,h3432
2020,h3433
2020,h3434
2020,h3435
2020,h3436
2020,h3437
2020,h3438
2020,h3439
2020,h3440
2020,h3441
2020,h3442
2020,h3443
2020,h3444
2020,h3445
2020,h3446
2020,h3447
2020,h3448
2020,h3449
2020,h3450
2020,h3451
2020,h3452
2020,h3453
2020,h3454
2020,h3455
2020,h3456
2020,h3457
2020,h3458
2020,h3459
2020,h3460
2020,h3461
2020,h3462
2020,h3463
2020,h3464
2020,h3465
2020,h3466
2020,h3467
2020,h3468
2020,h3469
2020,h3470
2020,h3471
2020,h3472
2020,h3473
2020,h3474
2020,h3475
2020,h3476
2020,h3477
2020,h3478
2020,h3479
2020,h3480
2020,h3481
2020,h3482
2020,h3483
2020,h3484
2020,h3485
2020,h3486
2020,h3487
2020,h3488
2020,h3489
2020,h3490
2020,h3491
2020,h3492
2020,h3493
2020,h3494
2020,h3495
2020,h3496
2020,h3497
2020,h3498
2020,h3499
2020,h3500
2020,h3501
2020,h3502
2020,h3503
2020,h3504
2020,h3505
2020,h3506
2020,h3507
2020,h3508
2020,h3509
2020,h3510
2020,h3511
2020,h3512
2020,h3513
2020,h3514
2020,h3515
2020,h3516
2020,h3517
2020,h3518
2020,h3519
2020,h3520
2020,h3521
2020,h3522
2020,h3523
2020,h3524
2020,h3525
2020,h3526
2020,h3527
2020,h3528
2020,h3529
2020,h3530
2020,h3531
2020,h3532
2020,h3533
2020,h3534
2020,h3535
2020,h3536
2020,h3537
2020,h3538
2020,h3539
2020,h3540
2020,h3541
2020,h3542
2020,h3543
2020,h3544
2020,h3545
2020,h3546
2020,h3547
2020,h3548
2020,h3549
2020,h3550
2020,h3551
2020,h3552
2020,h3553
2020,h3554
2020,h3555
2020,h3556
2020,h3557
2020,h3558
2020,h3559
2020,h3560
2020,h3561
2020,h3562
2020,h3563
2020,h3564
2020,h3565
2020,h3566
2020,h3567
2020,h3568
2020,h3569
2020,h3570
2020,h3571
2020,h3572
2020,h3573
2020,h3574
2020,h3575
2020,h3576
2020,h3577
2020,h3578
2020,h3579
2020,h3580
2020,h3581
2020,h3582
2020,h3583
2020,h3584
2020,h3585
2020,h3586
2020,h3587
2020,h3588
2020,h3589
2020,h3590
2020,h3591
2020,h3592
2020,h3593
2020,h3594
2020,h3595
2020,h3596
2020,h3597
2020,h3598
2020,h3599
2020,h3600
2020,h3601
2020,h3602
2020,h3603
2020,h3604
2020,h3605
2020,h3606
2020,h3607
2020,h3608
2020,h3609
2020,h3610
2020,h3611
2020,h3612
2020,h3613
2020,h3614
2020,h3615
2020,h3616
2020,h3617
2020,h3618
2020,h3619
2020,h3620
2020,h3621
2020,h3622
2020,h3623
2020,h3624
2020,h3625
2020,h3626
2020,h3627
2020,h3628
2020,h3629
2020,h3630
2020,h3631
2020,h3632
2020,h3633
2020,h3634
2020,h3635
2020,h3636
2020,h3637
2020,h3638
2020,h3639
2020,h3640
2020,h3641
2020,h3642
2020,h3643
2020,h3644
2020,h3645
2020,h3646
2020,h3647
2020,h3648
2020,h3649
2020,h3650
2020,h3651
2020,h3652
2020,h3653
2020,h3654
2020,h3655
2020,h3656
2020,h3657
2020,h3658
2020,h3659
2020,h3660
2020,h3661
2020,h3662
2020,h3663
2020,h3664
2020,h3665
2020,h3666
2020,h3667
2020,h3668
2020,h3669
2020,h3670
2020,h3671
2020,h3672
2020,h3673
2020,h3674
2020,h3675
2020,h3676
2020,h3677
2020,h3678
2020,h3679
2020,h3680
2020,h3681
2020,h3682
2020,h3683
2020,h3684
2020,h3685
2020,h3686
2020,h3687
2020,h3688
2020,h3689
2020,h3690
2020,h3691
2020,h3692
2020,h3693
2020,h3694
2020,h3695
2020,h3696
2020,h3697
2020,h3698
2020,h3699
2020,h3700
2020,h3701
2020,h3702
2020,h3703
2020,h3704
2020,h3705
2020,h3706
2020,h3707
2020,h3708
2020,h3709
2020,h3710
2020,h3711
2020,h3712
2020,h3713
2020,h3714
2020,h3715
2020,h3716
2020,h3717
2020,h3718
2020,h3719
2020,h3720
2020,h3721
2020,h3722
2020,h3723
2020,h3724
2020,h3725
2020,h3726
2020,h3727
2020,h3728
2020,h3729
2020,h3730
2020,h3731
2020,h3732
2020,h3733
2020,h3734
2020,h3735
2020,h3736
2020,h3737
2020,h3738
2020,h3739
2020,h3740
2020,h3741
2020,h3742
2020,h3743
2020,h3744
2020,h3745
2020,h3746
2020,h3747
2020,h3748
2020,h3749
2020,h3750
2020,h3751
2020,h3752
2020,h3753
2020,h3754
2020,h3755
2020,h3756
2020,h3757
2020,h3758
2020,h3759
2020,h3760
2020,h3761
2020,h3762
2020,h3763
2020,h3764
2020,h3765
2020,h3766
2020,h3767
2020,h3768
2020,h3769
2020,h3770
2020,h3771
2020,h3772
2020,h3773
2020,h3774
2020,h3775
2020,h3776
2020,h3777
2020,h3778
2020,h3779
2020,h3780
2020,h3781
2020,h3782
2020,h3783
2020,h3784
2020,h3785
2020,h3786
2020,h3787
2020,h3788
2020,h3789
2020,h3790
2020,h3791
2020,h3792
2020,h3793
2020,h3794
2020,h3795
2020,h3796
2020,h3797
2020,h3798
2020,h3799
2020,h3800
2020,h3801
2020,h3802
2020,h3803
2020,h3804
2020,h3805
2020,h3806
2020,h3807
2020,h3808
2020,h3809
2020,h3810
2020,h3811
2020,h3812
2020,h3813
2020,h3814
2020,h3815
2020,h3816
2020,h3817
2020,h3818
2020,h3819
2020,h3820
2020,h3821
2020,h3822
2020,h3823
2020,h3824
2020,h3825
2020,h3826
2020,h3827
2020,h3828
2020,h3829
2020,h3830
2020,h3831
2020,h3832
2020,h3833
2020,h3834
2020,h3835
2020,h3836
2020,h3837
2020,h3838
2020,h3839
2020,h3840
2020,h3841
2020,h3842
2020,h3843
2020,h3844
2020,h3845
2020,h3846
2020,h3847
2020,h3848
2020,h3849
2020,h3850
2020,h3851
2020,h3852
2020,h3853
2020,h3854
2020,h3855
2020,h3856
2020,h3857
2020,h3858
2020,h3859
2020,h3860
2020,h3861
2020,h3862
2020,h3863
2020,h3864
2020,h3865
2020,h3866
2020,h3867
2020,h3868
2020,h3869
2020,h3870
2020,h3871
2020,h3872
2020,h3873
2020,h3874
2020,h3875
2020,h3876
2020,h3877
2020,h3878
2020,h3879
2020,h3880
2020,h3881
2020,h3882
2020,h3883
2020,h3884
2020,h3885
2020,h3886
2020,h3887
2020,h3888
2020,h3889
2020,h3890
2020,h3891
2020,h3892
2020,h3893
2020,h3894
2020,h3895
2020,h3896
2020,h3897
2020,h3898
2020,h3899
2020,h3900
2020,h3901
2020,h3902
2020,h3903
2020,h3904
2020,h3905
2020,h3906
2020,h3907
2020,h3908
2020,h3909
2020,h3910
2020,h3911
2020,h3912
2020,h3913
2020,h3914
2020,h3915
2020,h3916
2020,h3917
2020,h3918
2020,h3919
2020,h3920
2020,h3921
2020,h3922
2020,h3923
2020,h3924
2020,h3925
2020,h3926
2020,h3927
2020,h3928
2020,h3929
2020,h3930
2020,h3931
2020,h3932
2020,h3933
2020,h3934
2020,h3935
2020,h3936
2020,h3937
2020,h3938
2020,h3939
2020,h3940
2020,h3941
2020,h3942
2020,h3943
2020,h3944
2020,h3945
2020,h3946
2020,h3947
2020,h3948
2020,h3949
2020,h3950
2020,h3951
2020,h3952
2020,h3953
2020,h3954
2020,h3955
2020,h3956
2020,h3957
2020,h3958
2020,h3959
2020,h3960
2020,h3961
2020,h3962
2020,h3963
2020,h3964
2020,h3965
2020,h3966
2020,h3967
2020,h3968
2020,h3969
2020,h3970
2020,h3971
2020,h3972
2020,h3973
2020,h3974
2020,h3975
2020,h3976
2020,h3977
2020,h3978
2020,h3979
2020,h3980
2020,h3981
2020,h3982
2020,h3983
2020,h3984
2020,h3985
2020,h3986
2020,h3987
2020,h3988
2020,h3989
2020,h3990
2020,h3991
2020,h3992
2020,h3993
2020,h3994
2020,h3995
2020,h3996
2020,h3997
2020,h3998
2020,h3999
2020,h4000
2020,h4001
2020,h4002
2020,h4003
2020,h4004
2020,h4005
2020,h4006
2020,h4007
2020,h4008
2020,h4009
2020,h4010
2020,h4011
2020,h4012
2020,h4013
2020,h4014
2020,h4015
2020,h4016
2020,h4017
2020,h4018
2020,h4019
2020,h4020
2020,h4021
2020,h4022
2020,h4023
2020,h4024
2020,h4025
2020,h4026
2020,h4027
2020,h4028
2020,h4029
2020,h4030
2020,h4031
2020,h4032
2020,h4033
2020,h4034
2020,h4035
2020,h4036
2020,h4037
2020,h4038
2020,h4039
2020,h4040
2020,h4041
2020,h4042
2020,h4043
2020,h4044
2020,h4045
2020,h4046
2020,h4047
2020,h4048
2020,h4049
2020,h4050
2020,h4051
2020,h4052
2020,h4053
2020,h4054
2020,h4055
2020,h4056
2020,h4057
2020,h4058
2020,h4059
2020,h4060
2020,h4061
2020,h4062
2020,h4063
2020,h4064
2020,h4065
2020,h4066
2020,h4067
2020,h4068
2020,h4069
2020,h4070
2020,h4071
2020,h4072
2020,h4073
2020,h4074
2020,h4075
2020,h4076
2020,h4077
2020,h4078
2020,h4079
2020,h4080
2020,h4081
2020,h4082
2020,h4083
2020,h4084
2020,h4085
2020,h4086
2020,h4087
2020,h4088
2020,h4089
2020,h4090
2020,h4091
2020,h4092
2020,h4093
2020,h4094
2020,h4095
2020,h4096
2020,h4097
2020,h4098
2020,h4099
2020,h4100
2020,h4101
2020,h4102
2020,h4103
2020,h4104
2020,h4105
2020,h4106
2020,h4107
2020,h4108
2020,h4109
2020,h4110
2020,h4111
2020,h4112
2020,h4113
2020,h4114
2020,h4115
2020,h4116
2020,h4117
2020,h4118
2020,h4119
2020,h4120
2020,h4121
2020,h4122
2020,h4123
2020,h4124
2020,h4125
2020,h4126
2020,h4127
2020,h4128
2020,h4129
2020,h4130
2020,h4131
2020,h4132
2020,h4133
2020,h4134
2020,h4135
2020,h4136
2020,h4137
2020,h4138
2020,h4139
2020,h4140
2020,h4141
2020,h4142
2020,h4143
2020,h4144
2020,h4145
2020,h4146
2020,h4147
2020,h4148
2020,h4149
2020,h4150
2020,h4151
2020,h4152
2020,h4153
2020,h4154
2020,h4155
2020,h4156
2020,h4157
2020,h4158
2020,h4159
2020,h4160
2020,h4161
2020,h4162
2020,h4163
2020,h4164
2020,h4165
2020,h4166
2020,h4167
2020,h4168
2020,h4169
2020,h4170
2020,h4171
2020,h4172
2020,h4173
2020,h4174
2020,h4175
2020,h4176
2020,h4177
2020,h4178
2020,h4179
2020,h4180
2020,h4181
2020,h4182
2020,h4183
2020,h4184
2020,h4185
2020,h4186
2020,h4187
2020,h4188
2020,h4189
2020,h4190
2020,h4191
2020,h4192
2020,h4193
2020,h4194
2020,h4195
2020,h4196
2020,h4197
2020,h4198
2020,h4199
2020,h4200
2020,h4201
2020,h4202
2020,h4203
2020,h4204
2020,h4205
2020,h4206
2020,h4207
2020,h4208
2020,h4209
2020,h4210
2020,h4211
2020,h4212
2020,h4213
2020,h4214
2020,h4215
2020,h4216
2020,h4217
2020,h4218
2020,h4219
2020,h4220
2020,h4221
2020,h4222
2020,h4223
2020,h4224
2020,h4225
2020,h4226
2020,h4227
2020,h4228
2020,h4229
2020,h4230
2020,h4231
2020,h4232
2020,h4233
2020,h4234
2020,h4235
2020,h4236
2020,h4237
2020,h4238
2020,h4239
2020,h4240
2020,h4241
2020,h4242
2020,h4243
2020,h4244
2020,h4245
2020,h4246
2020,h4247
2020,h4248
2020,h4249
2020,h4250
2020,h4251
2020,h4252
2020,h4253
2020,h4254
2020,h4255
2020,h4256
2020,h4257
2020,h4258
2020,h4259
2020,h4260
2020,h4261
2020,h4262
2020,h4263
2020,h4264
2020,h4265
2020,h4266
2020,h4267
2020,h4268
2020,h4269
2020,h4270
2020,h4271
2020,h4272
2020,h4273
2020,h4274
2020,h4275
2020,h4276
2020,h4277
2020,h4278
2020,h4279
2020,h4280
2020,h4281
2020,h4282
2020,h4283
2020,h4284
2020,h4285
2020,h4286
2020,h4287
2020,h4288
2020,h4289
2020,h4290
2020,h4291
2020,h4292
2020,h4293
2020,h4294
2020,h4295
2020,h4296
2020,h4297
2020,h4298
2020,h4299
2020,h4300
2020,h4301
2020,h4302
2020,h4303
2020,h4304
2020,h4305
2020,h4306
2020,h4307
2020,h4308
2020,h4309
2020,h4310
2020,h4311
2020,h4312
2020,h4313
2020,h4314
2020,h4315
2020,h4316
2020,h4317
2020,h4318
2020,h4319
2020,h4320
2020,h4321
2020,h4322
2020,h4323
2020,h4324
2020,h4325
2020,h4326
2020,h4327
2020,h4328
2020,h4329
2020,h4330
2020,h4331
2020,h4332
2020,h4333
2020,h4334
2020,h4335
2020,h4336
2020,h4337
2020,h4338
2020,h4339
2020,h4340
2020,h4341
2020,h4342
2020,h4343
2020,h4344
2020,h4345
2020,h4346
2020,h4347
2020,h4348
2020,h4349
2020,h4350
2020,h4351
2020,h4352
2020,h4353
2020,h4354
2020,h4355
2020,h4356
2020,h4357
2020,h4358
2020,h4359
2020,h4360
2020,h4361
2020,h4362
2020,h4363
2020,h4364
2020,h4365
2020,h4366
2020,h4367
2020,h4368
2020,h4369
2020,h4370
2020,h4371
2020,h4372
2020,h4373
2020,h4374
2020,h4375
2020,h4376
2020,h4377
2020,h4378
2020,h4379
2020,h4380
2020,h4381
2020,h4382
2020,h4383
2020,h4384
2020,h4385
2020,h4386
2020,h4387
2020,h4388
2020,h4389
2020,h4390
2020,h4391
2020,h4392
2020,h4393
2020,h4394
2020,h4395
2020,h4396
2020,h4397
2020,h4398
2020,h4399
2020,h4400
2020,h4401
2020,h4402
2020,h4403
2020,h4404
2020,h4405
2020,h4406
2020,h4407
2020,h4408
2020,h4409
2020,h4410
2020,h4411
2020,h4412
2020,h4413
2020,h4414
2020,h4415
2020,h4416
2020,h4417
2020,h4418
2020,h4419
2020,h4420
2020,h4421
2020,h4422
2020,h4423
2020,h4424
2020,h4425
2020,h4426
2020,h4427
2020,h4428
2020,h4429
2020,h4430
2020,h4431
2020,h4432
2020,h4433
2020,h4434
2020,h4435
2020,h4436
2020,h4437
2020,h4438
2020,h4439
2020,h4440
2020,h4441
2020,h4442
2020,h4443
2020,h4444
2020,h4445
2020,h4446
2020,h4447
2020,h4448
2020,h4449
2020,h4450
2020,h4451
2020,h4452
2020,h4453
2020,h4454
2020,h4455
2020,h4456
2020,h4457
2020,h4458
2020,h4459
2020,h4460
2020,h4461
2020,h4462
2020,h4463
2020,h4464
2020,h4465
2020,h4466
2020,h4467
2020,h4468
2020,h4469
2020,h4470
2020,h4471
2020,h4472
2020,h4473
2020,h4474
2020,h4475
2020,h4476
2020,h4477
2020,h4478
2020,h4479
2020,h4480
2020,h4481
2020,h4482
2020,h4483
2020,h4484
2020,h4485
2020,h4486
2020,h4487
2020,h4488
2020,h4489
2020,h4490
2020,h4491
2020,h4492
2020,h4493
2020,h4494
2020,h4495
2020,h4496
2020,h4497
2020,h4498
2020,h4499
2020,h4500
2020,h4501
2020,h4502
2020,h4503
2020,h4504
2020,h4505
2020,h4506
2020,h4507
2020,h4508
2020,h4509
2020,h4510
2020,h4511
2020,h4512
2020,h4513
2020,h4514
2020,h4515
2020,h4516
2020,h4517
2020,h4518
2020,h4519
2020,h4520
2020,h4521
2020,h4522
2020,h4523
2020,h4524
2020,h4525
2020,h4526
2020,h4527
2020,h4528
2020,h4529
2020,h4530
2020,h4531
2020,h4532
2020,h4533
2020,h4534
2020,h4535
2020,h4536
2020,h4537
2020,h4538
2020,h4539
2020,h4540
2020,h4541
2020,h4542
2020,h4543
2020,h4544
2020,h4545
2020,h4546
2020,h4547
2020,h4548
2020,h4549
2020,h4550
2020,h4551
2020,h4552
2020,h4553
2020,h4554
2020,h4555
2020,h4556
2020,h4557
2020,h4558
2020,h4559
2020,h4560
2020,h4561
2020,h4562
2020,h4563
2020,h4564
2020,h4565
2020,h4566
2020,h4567
2020,h4568
2020,h4569
2020,h4570
2020,h4571
2020,h4572
2020,h4573
2020,h4574
2020,h4575
2020,h4576
2020,h4577
2020,h4578
2020,h4579
2020,h4580
2020,h4581
2020,h4582
2020,h4583
2020,h4584
2020,h4585
2020,h4586
2020,h4587
2020,h4588
2020,h4589
2020,h4590
2020,h4591
2020,h4592
2020,h4593
2020,h4594
2020,h4595
2020,h4596
2020,h4597
2020,h4598
2020,h4599
2020,h4600
2020,h4601
2020,h4602
2020,h4603
2020,h4604
2020,h4605
2020,h4606
2020,h4607
2020,h4608
2020,h4609
2020,h4610
2020,h4611
2020,h4612
2020,h4613
2020,h4614
2020,h4615
2020,h4616
2020,h4617
2020,h4618
2020,h4619
2020,h4620
2020,h4621
2020,h4622
2020,h4623
2020,h4624
2020,h4625
2020,h4626
2020,h4627
2020,h4628
2020,h4629
2020,h4630
2020,h4631
2020,h4632
2020,h4633
2020,h4634
2020,h4635
2020,h4636
2020,h4637
2020,h4638
2020,h4639
2020,h4640
2020,h4641
2020,h4642
2020,h4643
2020,h4644
2020,h4645
2020,h4646
2020,h4647
2020,h4648
2020,h4649
2020,h4650
2020,h4651
2020,h4652
2020,h4653
2020,h4654
2020,h4655
2020,h4656
2020,h4657
2020,h4658
2020,h4659
2020,h4660
2020,h4661
2020,h4662
2020,h4663
2020,h4664
2020,h4665
2020,h4666
2020,h4667
2020,h4668
2020,h4669
2020,h4670
2020,h4671
2020,h4672
2020,h4673
2020,h4674
2020,h4675
2020,h4676
2020,h4677
2020,h4678
2020,h4679
2020,h4680
2020,h4681
2020,h4682
2020,h4683
2020,h4684
2020,h4685
2020,h4686
2020,h4687
2020,h4688
2020,h4689
2020,h4690
2020,h4691
2020,h4692
2020,h4693
2020,h4694
2020,h4695
2020,h4696
2020,h4697
2020,h4698
2020,h4699
2020,h4700
2020,h4701
2020,h4702
2020,h4703
2020,h4704
2020,h4705
2020,h4706
2020,h4707
2020,h4708
2020,h4709
2020,h4710
2020,h4711
2020,h4712
2020,h4713
2020,h4714
2020,h4715
2020,h4716
2020,h4717
2020,h4718
2020,h4719
2020,h4720
2020,h4721
2020,h4722
2020,h4723
2020,h4724
2020,h4725
2020,h4726
2020,h4727
2020,h4728
2020,h4729
2020,h4730
2020,h4731
2020,h4732
2020,h4733
2020,h4734
2020,h4735
2020,h4736
2020,h4737
2020,h4738
2020,h4739
2020,h4740
2020,h4741
2020,h4742
2020,h4743
2020,h4744
2020,h4745
2020,h4746
2020,h4747
2020,h4748
2020,h4749
2020,h4750
2020,h4751
2020,h4752
2020,h4753
2020,h4754
2020,h4755
2020,h4756
2020,h4757
2020,h4758
2020,h4759
2020,h4760
2020,h4761
2020,h4762
2020,h4763
2020,h4764
2020,h4765
2020,h4766
2020,h4767
2020,h4768
2020,h4769
2020,h4770
2020,h4771
2020,h4772
2020,h4773
2020,h4774
2020,h4775
2020,h4776
2020,h4777
2020,h4778
2020,h4779
2020,h4780
2020,h4781
2020,h4782
2020,h4783
2020,h4784
2020,h4785
2020,h4786
2020,h4787
2020,h4788
2020,h4789
2020,h4790
2020,h4791
2020,h4792
2020,h4793
2020,h4794
2020,h4795
2020,h4796
2020,h4797
2020,h4798
2020,h4799
2020,h4800
2020,h4801
2020,h4802
2020,h4803
2020,h4804
2020,h4805
2020,h4806
2020,h4807
2020,h4808
2020,h4809
2020,h4810
2020,h4811
2020,h4812
2020,h4813
2020,h4814
2020,h4815
2020,h4816
2020,h4817
2020,h4818
2020,h4819
2020,h4820
2020,h4821
2020,h4822
2020,h4823
2020,h4824
2020,h4825
2020,h4826
2020,h4827
2020,h4828
2020,h4829
2020,h4830
2020,h4831
2020,h4832
2020,h4833
2020,h4834
2020,h4835
2020,h4836
2020,h4837
2020,h4838
2020,h4839
2020,h4840
2020,h4841
2020,h4842
2020,h4843
2020,h4844
2020,h4845
2020,h4846
2020,h4847
2020,h4848
2020,h4849
2020,h4850
2020,h4851
2020,h4852
2020,h4853
2020,h4854
2020,h4855
2020,h4856
2020,h4857
2020,h4858
2020,h4859
2020,h4860
2020,h4861
2020,h4862
2020,h4863
2020,h4864
2020,h4865
2020,h4866
2020,h4867
2020,h4868
2020,h4869
2020,h4870
2020,h4871
2020,h4872
2020,h4873
2020,h4874
2020,h4875
2020,h4876
2020,h4877
2020,h4878
2020,h4879
2020,h4880
2020,h4881
2020,h4882
2020,h4883
2020,h4884
2020,h4885
2020,h4886
2020,h4887
2020,h4888
2020,h4889
2020,h4890
2020,h4891
2020,h4892
2020,h4893
2020,h4894
2020,h4895
2020,h4896
2020,h4897
2020,h4898
2020,h4899
2020,h4900
2020,h4901
2020,h4902
2020,h4903
2020,h4904
2020,h4905
2020,h4906
2020,h4907
2020,h4908
2020,h4909
2020,h4910
2020,h4911
2020,h4912
2020,h4913
2020,h4914
2020,h4915
2020,h4916
2020,h4917
2020,h4918
2020,h4919
2020,h4920
2020,h4921
2020,h4922
2020,h4923
2020,h4924
2020,h4925
2020,h4926
2020,h4927
2020,h4928
2020,h4929
2020,h4930
2020,h4931
2020,h4932
2020,h4933
2020,h4934
2020,h4935
2020,h4936
2020,h4937
2020,h4938
2020,h4939
2020,h4940
2020,h4941
2020,h4942
2020,h4943
2020,h4944
2020,h4945
2020,h4946
2020,h4947
2020,h4948
2020,h4949
2020,h4950
2020,h4951
2020,h4952
2020,h4953
2020,h4954
2020,h4955
2020,h4956
2020,h4957
2020,h4958
2020,h4959
2020,h4960
2020,h4961
2020,h4962
2020,h4963
2020,h4964
2020,h4965
2020,h4966
2020,h4967
2020,h4968
2020,h4969
2020,h4970
2020,h4971
2020,h4972
2020,h4973
2020,h4974
2020,h4975
2020,h4976
2020,h4977
2020,h4978
2020,h4979
2020,h4980
2020,h4981
2020,h4982
2020,h4983
2020,h4984
2020,h4985
2020,h4986
2020,h4987
2020,h4988
2020,h4989
2020,h4990
2020,h4991
2020,h4992
2020,h4993
2020,h4994
2020,h4995
2020,h4996
2020,h4997
2020,h4998
2020,h4999
2020,h5000
2020,h5001
2020,h5002
2020,h5003
2020,h5004
2020,h5005
2020,h5006
2020,h5007
2020,h5008
2020,h5009
2020,h5010
2020,h5011
2020,h5012
2020,h5013
2020,h5014
2020,h5015
2020,h5016
2020,h5017
2020,h5018
2020,h5019
2020,h5020
2020,h5021
2020,h5022
2020,h5023
2020,h5024
2020,h5025
2020,h5026
2020,h5027
2020,h5028
2020,h5029
2020,h5030
2020,h5031
2020,h5032
2020,h5033
2020,h5034
2020,h5035
2020,h5036
2020,h5037
2020,h5038
2020,h5039
2020,h5040
2020,h5041
2020,h5042
2020,h5043
2020,h5044
2020,h5045
2020,h5046
2020,h5047
2020,h5048
2020,h5049
2020,h5050
2020,h5051
2020,h5052
2020,h5053
2020,h5054
2020,h5055
2020,h5056
2020,h5057
2020,h5058
2020,h5059
2020,h5060
2020,h5061
2020,h5062
2020,h5063
2020,h5064
2020,h5065
2020,h5066
2020,h5067
2020,h5068
2020,h5069
2020,h5070
2020,h5071
2020,h5072
2020,h5073
2020,h5074
2020,h5075
2020,h5076
2020,h5077
2020,h5078
2020,h5079
2020,h5080
2020,h5081
2020,h5082
2020,h5083
2020,h5084
2020,h5085
2020,h5086
2020,h5087
2020,h5088
2020,h5089
2020,h5090
2020,h5091
2020,h5092
2020,h5093
2020,h5094
2020,h5095
2020,h5096
2020,h5097
2020,h5098
2020,h5099
2020,h5100
2020,h5101
2020,h5102
2020,h5103
2020,h5104
2020,h5105
2020,h5106
2020,h5107
2020,h5108
2020,h5109
2020,h5110
2020,h5111
2020,h5112
2020,h5113
2020,h5114
2020,h5115
2020,h5116
2020,h5117
2020,h5118
2020,h5119
2020,h5120
2020,h5121
2020,h5122
2020,h5123
2020,h5124
2020,h5125
2020,h5126
2020,h5127
2020,h5128
2020,h5129
2020,h5130
2020,h5131
2020,h5132
2020,h5133
2020,h5134
2020,h5135
2020,h5136
2020,h5137
2020,h5138
2020,h5139
2020,h5140
2020,h5141
2020,h5142
2020,h5143
2020,h5144
2020,h5145
2020,h5146
2020,h5147
2020,h5148
2020,h5149
2020,h5150
2020,h5151
2020,h5152
2020,h5153
2020,h5154
2020,h5155
2020,h5156
2020,h5157
2020,h5158
2020,h5159
2020,h5160
2020,h5161
2020,h5162
2020,h5163
2020,h5164
2020,h5165
2020,h5166
2020,h5167
2020,h5168
2020,h5169
2020,h5170
2020,h5171
2020,h5172
2020,h5173
2020,h5174
2020,h5175
2020,h5176
2020,h5177
2020,h5178
2020,h5179
2020,h5180
2020,h5181
2020,h5182
2020,h5183
2020,h5184
2020,h5185
2020,h5186
2020,h5187
2020,h5188
2020,h5189
2020,h5190
2020,h5191
2020,h5192
2020,h5193
2020,h5194
2020,h5195
2020,h5196
2020,h5197
2020,h5198
2020,h5199
2020,h5200
2020,h5201
2020,h5202
2020,h5203
2020,h5204
2020,h5205
2020,h5206
2020,h5207
2020,h5208
2020,h5209
2020,h5210
2020,h5211
2020,h5212
2020,h5213
2020,h5214
2020,h5215
2020,h5216
2020,h5217
2020,h5218
2020,h5219
2020,h5220
2020,h5221
2020,h5222
2020,h5223
2020,h5224
2020,h5225
2020,h5226
2020,h5227
2020,h5228
2020,h5229
2020,h5230
2020,h5231
2020,h5232
2020,h5233
2020,h5234
2020,h5235
2020,h5236
2020,h5237
2020,h5238
2020,h5239
2020,h5240
2020,h5241
2020,h5242
2020,h5243
2020,h5244
2020,h5245
2020,h5246
2020,h5247
2020,h5248
2020,h5249
2020,h5250
2020,h5251
2020,h5252
2020,h5253
2020,h5254
2020,h5255
2020,h5256
2020,h5257
2020,h5258
2020,h5259
2020,h5260
2020,h5261
2020,h5262
2020,h5263
2020,h5264
2020,h5265
2020,h5266
2020,h5267
2020,h5268
2020,h5269
2020,h5270
2020,h5271
2020,h5272
2020,h5273
2020,h5274
2020,h5275
2020,h5276
2020,h5277
2020,h5278
2020,h5279
2020,h5280
2020,h5281
2020,h5282
2020,h5283
2020,h5284
2020,h5285
2020,h5286
2020,h5287
2020,h5288
2020,h5289
2020,h5290
2020,h5291
2020,h5292
2020,h5293
2020,h5294
2020,h5295
2020,h5296
2020,h5297
2020,h5298
2020,h5299
2020,h5300
2020,h5301
2020,h5302
2020,h5303
2020,h5304
2020,h5305
2020,h5306
2020,h5307
2020,h5308
2020,h5309
2020,h5310
2020,h5311
2020,h5312
2020,h5313
2020,h5314
2020,h5315
2020,h5316
2020,h5317
2020,h5318
2020,h5319
2020,h5320
2020,h5321
2020,h5322
2020,h5323
2020,h5324
2020,h5325
2020,h5326
2020,h5327
2020,h5328
2020,h5329
2020,h5330
2020,h5331
2020,h5332
2020,h5333
2020,h5334
2020,h5335
2020,h5336
2020,h5337
2020,h5338
2020,h5339
2020,h5340
2020,h5341
2020,h5342
2020,h5343
2020,h5344
2020,h5345
2020,h5346
2020,h5347
2020,h5348
2020,h5349
2020,h5350
2020,h5351
2020,h5352
2020,h5353
2020,h5354
2020,h5355
2020,h5356
2020,h5357
2020,h5358
2020,h5359
2020,h5360
2020,h5361
2020,h5362
2020,h5363
2020,h5364
2020,h5365
2020,h5366
2020,h5367
2020,h5368
2020,h5369
2020,h5370
2020,h5371
2020,h5372
2020,h5373
2020,h5374
2020,h5375
2020,h5376
2020,h5377
2020,h5378
2020,h5379
2020,h5380
2020,h5381
2020,h5382
2020,h5383
2020,h5384
2020,h5385
2020,h5386
2020,h5387
2020,h5388
2020,h5389
2020,h5390
2020,h5391
2020,h5392
2020,h5393
2020,h5394
2020,h5395
2020,h5396
2020,h5397
2020,h5398
2020,h5399
2020,h5400
2020,h5401
2020,h5402
2020,h5403
2020,h5404
2020,h5405
2020,h5406
2020,h5407
2020,h5408
2020,h5409
2020,h5410
2020,h5411
2020,h5412
2020,h5413
2020,h5414
2020,h5415
2020,h5416
2020,h5417
2020,h5418
2020,h5419
2020,h5420
2020,h5421
2020,h5422
2020,h5423
2020,h5424
2020,h5425
2020,h5426
2020,h5427
2020,h5428
2020,h5429
2020,h5430
2020,h5431
2020,h5432
2020,h5433
2020,h5434
2020,h5435
2020,h5436
2020,h5437
2020,h5438
2020,h5439
2020,h5440
2020,h5441
2020,h5442
2020,h5443
2020,h5444
2020,h5445
2020,h5446
2020,h5447
2020,h5448
2020,h5449
2020,h5450
2020,h5451
2020,h5452
2020,h5453
2020,h5454
2020,h5455
2020,h5456
2020,h5457
2020,h5458
2020,h5459
2020,h5460
2020,h5461
2020,h5462
2020,h5463
2020,h5464
2020,h5465
2020,h5466
2020,h5467
2020,h5468
2020,h5469
2020,h5470
2020,h5471
2020,h5472
2020,h5473
2020,h5474
2020,h5475
2020,h5476
2020,h5477
2020,h5478
2020,h5479
2020,h5480
2020,h5481
2020,h5482
2020,h5483
2020,h5484
2020,h5485
2020,h5486
2020,h5487
2020,h5488
2020,h5489
2020,h5490
2020,h5491
2020,h5492
2020,h5493
2020,h5494
2020,h5495
2020,h5496
2020,h5497
2020,h5498
2020,h5499
2020,h5500
2020,h5501
2020,h5502
2020,h5503
2020,h5504
2020,h5505
2020,h5506
2020,h5507
2020,h5508
2020,h5509
2020,h5510
2020,h5511
2020,h5512
2020,h5513
2020,h5514
2020,h5515
2020,h5516
2020,h5517
2020,h5518
2020,h5519
2020,h5520
2020,h5521
2020,h5522
2020,h5523
2020,h5524
2020,h5525
2020,h5526
2020,h5527
2020,h5528
2020,h5529
2020,h5530
2020,h5531
2020,h5532
2020,h5533
2020,h5534
2020,h5535
2020,h5536
2020,h5537
2020,h5538
2020,h5539
2020,h5540
2020,h5541
2020,h5542
2020,h5543
2020,h5544
2020,h5545
2020,h5546
2020,h5547
2020,h5548
2020,h5549
2020,h5550
2020,h5551
2020,h5552
2020,h5553
2020,h5554
2020,h5555
2020,h5556
2020,h5557
2020,h5558
2020,h5559
2020,h5560
2020,h5561
2020,h5562
2020,h5563
2020,h5564
2020,h5565
2020,h5566
2020,h5567
2020,h5568
2020,h5569
2020,h5570
2020,h5571
2020,h5572
2020,h5573
2020,h5574
2020,h5575
2020,h5576
2020,h5577
2020,h5578
2020,h5579
2020,h5580
2020,h5581
2020,h5582
2020,h5583
2020,h5584
2020,h5585
2020,h5586
2020,h5587
2020,h5588
2020,h5589
2020,h5590
2020,h5591
2020,h5592
2020,h5593
2020,h5594
2020,h5595
2020,h5596
2020,h5597
2020,h5598
2020,h5599
2020,h5600
2020,h5601
2020,h5602
2020,h5603
2020,h5604
2020,h5605
2020,h5606
2020,h5607
2020,h5608
2020,h5609
2020,h5610
2020,h5611
2020,h5612
2020,h5613
2020,h5614
2020,h5615
2020,h5616
2020,h5617
2020,h5618
2020,h5619
2020,h5620
2020,h5621
2020,h5622
2020,h5623
2020,h5624
2020,h5625
2020,h5626
2020,h5627
2020,h5628
2020,h5629
2020,h5630
2020,h5631
2020,h5632
2020,h5633
2020,h5634
2020,h5635
2020,h5636
2020,h5637
2020,h5638
2020,h5639
2020,h5640
2020,h5641
2020,h5642
2020,h5643
2020,h5644
2020,h5645
2020,h5646
2020,h5647
2020,h5648
2020,h5649
2020,h5650
2020,h5651
2020,h5652
2020,h5653
2020,h5654
2020,h5655
2020,h5656
2020,h5657
2020,h5658
2020,h5659
2020,h5660
2020,h5661
2020,h5662
2020,h5663
2020,h5664
2020,h5665
2020,h5666
2020,h5667
2020,h5668
2020,h5669
2020,h5670
2020,h5671
2020,h5672
2020,h5673
2020,h5674
2020,h5675
2020,h5676
2020,h5677
2020,h5678
2020,h5679
2020,h5680
2020,h5681
2020,h5682
2020,h5683
2020,h5684
2020,h5685
2020,h5686
2020,h5687
2020,h5688
2020,h5689
2020,h5690
2020,h5691
2020,h5692
2020,h5693
2020,h5694
2020,h5695
2020,h5696
2020,h5697
2020,h5698
2020,h5699
2020,h5700
2020,h5701
2020,h5702
2020,h5703
2020,h5704
2020,h5705
2020,h5706
2020,h5707
2020,h5708
2020,h5709
2020,h5710
2020,h5711
2020,h5712
2020,h5713
2020,h5714
2020,h5715
2020,h5716
2020,h5717
2020,h5718
2020,h5719
2020,h5720
2020,h5721
2020,h5722
2020,h5723
2020,h5724
2020,h5725
2020,h5726
2020,h5727
2020,h5728
2020,h5729
2020,h5730
2020,h5731
2020,h5732
2020,h5733
2020,h5734
2020,h5735
2020,h5736
2020,h5737
2020,h5738
2020,h5739
2020,h5740
2020,h5741
2020,h5742
2020,h5743
2020,h5744
2020,h5745
2020,h5746
2020,h5747
2020,h5748
2020,h5749
2020,h5750
2020,h5751
2020,h5752
2020,h5753
2020,h5754
2020,h5755
2020,h5756
2020,h5757
2020,h5758
2020,h5759
2020,h5760
2020,h5761
2020,h5762
2020,h5763
2020,h5764
2020,h5765
2020,h5766
2020,h5767
2020,h5768
2020,h5769
2020,h5770
2020,h5771
2020,h5772
2020,h5773
2020,h5774
2020,h5775
2020,h5776
2020,h5777
2020,h5778
2020,h5779
2020,h5780
2020,h5781
2020,h5782
2020,h5783
2020,h5784
2020,h5785
2020,h5786
2020,h5787
2020,h5788
2020,h5789
2020,h5790
2020,h5791
2020,h5792
2020,h5793
2020,h5794
2020,h5795
2020,h5796
2020,h5797
2020,h5798
2020,h5799
2020,h5800
2020,h5801
2020,h5802
2020,h5803
2020,h5804
2020,h5805
2020,h5806
2020,h5807
2020,h5808
2020,h5809
2020,h5810
2020,h5811
2020,h5812
2020,h5813
2020,h5814
2020,h5815
2020,h5816
2020,h5817
2020,h5818
2020,h5819
2020,h5820
2020,h5821
2020,h5822
2020,h5823
2020,h5824
2020,h5825
2020,h5826
2020,h5827
2020,h5828
2020,h5829
2020,h5830
2020,h5831
2020,h5832
2020,h5833
2020,h5834
2020,h5835
2020,h5836
2020,h5837
2020,h5838
2020,h5839
2020,h5840
2020,h5841
2020,h5842
2020,h5843
2020,h5844
2020,h5845
2020,h5846
2020,h5847
2020,h5848
2020,h5849
2020,h5850
2020,h5851
2020,h5852
2020,h5853
2020,h5854
2020,h5855
2020,h5856
2020,h5857
2020,h5858
2020,h5859
2020,h5860
2020,h5861
2020,h5862
2020,h5863
2020,h5864
2020,h5865
2020,h5866
2020,h5867
2020,h5868
2020,h5869
2020,h5870
2020,h5871
2020,h5872
2020,h5873
2020,h5874
2020,h5875
2020,h5876
2020,h5877
2020,h5878
2020,h5879
2020,h5880
2020,h5881
2020,h5882
2020,h5883
2020,h5884
2020,h5885
2020,h5886
2020,h5887
2020,h5888
2020,h5889
2020,h5890
2020,h5891
2020,h5892
2020,h5893
2020,h5894
2020,h5895
2020,h5896
2020,h5897
2020,h5898
2020,h5899
2020,h5900
2020,h5901
2020,h5902
2020,h5903
2020,h5904
2020,h5905
2020,h5906
2020,h5907
2020,h5908
2020,h5909
2020,h5910
2020,h5911
2020,h5912
2020,h5913
2020,h5914
2020,h5915
2020,h5916
2020,h5917
2020,h5918
2020,h5919
2020,h5920
2020,h5921
2020,h5922
2020,h5923
2020,h5924
2020,h5925
2020,h5926
2020,h5927
2020,h5928
2020,h5929
2020,h5930
2020,h5931
2020,h5932
2020,h5933
2020,h5934
2020,h5935
2020,h5936
2020,h5937
2020,h5938
2020,h5939
2020,h5940
2020,h5941
2020,h5942
2020,h5943
2020,h5944
2020,h5945
2020,h5946
2020,h5947
2020,h5948
2020,h5949
2020,h5950
2020,h5951
2020,h5952
2020,h5953
2020,h5954
2020,h5955
2020,h5956
2020,h5957
2020,h5958
2020,h5959
2020,h5960
2020,h5961
2020,h5962
2020,h5963
2020,h5964
2020,h5965
2020,h5966
2020,h5967
2020,h5968
2020,h5969
2020,h5970
2020,h5971
2020,h5972
2020,h5973
2020,h5974
2020,h5975
2020,h5976
2020,h5977
2020,h5978
2020,h5979
2020,h5980
2020,h5981
2020,h5982
2020,h5983
2020,h5984
2020,h5985
2020,h5986
2020,h5987
2020,h5988
2020,h5989
2020,h5990
2020,h5991
2020,h5992
2020,h5993
2020,h5994
2020,h5995
2020,h5996
2020,h5997
2020,h5998
2020,h5999
2020,h6000
2020,h6001
2020,h6002
2020,h6003
2020,h6004
2020,h6005
2020,h6006
2020,h6007
2020,h6008
2020,h6009
2020,h6010
2020,h6011
2020,h6012
2020,h6013
2020,h6014
2020,h6015
2020,h6016
2020,h6017
2020,h6018
2020,h6019
2020,h6020
2020,h6021
2020,h6022
2020,h6023
2020,h6024
2020,h6025
2020,h6026
2020,h6027
2020,h6028
2020,h6029
2020,h6030
2020,h6031
2020,h6032
2020,h6033
2020,h6034
2020,h6035
2020,h6036
2020,h6037
2020,h6038
2020,h6039
2020,h6040
2020,h6041
2020,h6042
2020,h6043
2020,h6044
2020,h6045
2020,h6046
2020,h6047
2020,h6048
2020,h6049
2020,h6050
2020,h6051
2020,h6052
2020,h6053
2020,h6054
2020,h6055
2020,h6056
2020,h6057
2020,h6058
2020,h6059
2020,h6060
2020,h6061
2020,h6062
2020,h6063
2020,h6064
2020,h6065
2020,h6066
2020,h6067
2020,h6068
2020,h6069
2020,h6070
2020,h6071
2020,h6072
2020,h6073
2020,h6074
2020,h6075
2020,h6076
2020,h6077
2020,h6078
2020,h6079
2020,h6080
2020,h6081
2020,h6082
2020,h6083
2020,h6084
2020,h6085
2020,h6086
2020,h6087
2020,h6088
2020,h6089
2020,h6090
2020,h6091
2020,h6092
2020,h6093
2020,h6094
2020,h6095
2020,h6096
2020,h6097
2020,h6098
2020,h6099
2020,h6100
2020,h6101
2020,h6102
2020,h6103
2020,h6104
2020,h6105
2020,h6106
2020,h6107
2020,h6108
2020,h6109
2020,h6110
2020,h6111
2020,h6112
2020,h6113
2020,h6114
2020,h6115
2020,h6116
2020,h6117
2020,h6118
2020,h6119
2020,h6120
2020,h6121
2020,h6122
2020,h6123
2020,h6124
2020,h6125
2020,h6126
2020,h6127
2020,h6128
2020,h6129
2020,h6130
2020,h6131
2020,h6132
2020,h6133
2020,h6134
2020,h6135
2020,h6136
2020,h6137
2020,h6138
2020,h6139
2020,h6140
2020,h6141
2020,h6142
2020,h6143
2020,h6144
2020,h6145
2020,h6146
2020,h6147
2020,h6148
2020,h6149
2020,h6150
2020,h6151
2020,h6152
2020,h6153
2020,h6154
2020,h6155
2020,h6156
2020,h6157
2020,h6158
2020,h6159
2020,h6160
2020,h6161
2020,h6162
2020,h6163
2020,h6164
2020,h6165
2020,h6166
2020,h6167
2020,h6168
2020,h6169
2020,h6170
2020,h6171
2020,h6172
2020,h6173
2020,h6174
2020,h6175
2020,h6176
2020,h6177
2020,h6178
2020,h6179
2020,h6180
2020,h6181
2020,h6182
2020,h6183
2020,h6184
2020,h6185
2020,h6186
2020,h6187
2020,h6188
2020,h6189
2020,h6190
2020,h6191
2020,h6192
2020,h6193
2020,h6194
2020,h6195
2020,h6196
2020,h6197
2020,h6198
2020,h6199
2020,h6200
2020,h6201
2020,h6202
2020,h6203
2020,h6204
2020,h6205
2020,h6206
2020,h6207
2020,h6208
2020,h6209
2020,h6210
2020,h6211
2020,h6212
2020,h6213
2020,h6214
2020,h6215
2020,h6216
2020,h6217
2020,h6218
2020,h6219
2020,h6220
2020,h6221
2020,h6222
2020,h6223
2020,h6224
2020,h6225
2020,h6226
2020,h6227
2020,h6228
2020,h6229
2020,h6230
2020,h6231
2020,h6232
2020,h6233
2020,h6234
2020,h6235
2020,h6236
2020,h6237
2020,h6238
2020,h6239
2020,h6240
2020,h6241
2020,h6242
2020,h6243
2020,h6244
2020,h6245
2020,h6246
2020,h6247
2020,h6248
2020,h6249
2020,h6250
2020,h6251
2020,h6252
2020,h6253
2020,h6254
2020,h6255
2020,h6256
2020,h6257
2020,h6258
2020,h6259
2020,h6260
2020,h6261
2020,h6262
2020,h6263
2020,h6264
2020,h6265
2020,h6266
2020,h6267
2020,h6268
2020,h6269
2020,h6270
2020,h6271
2020,h6272
2020,h6273
2020,h6274
2020,h6275
2020,h6276
2020,h6277
2020,h6278
2020,h6279
2020,h6280
2020,h6281
2020,h6282
2020,h6283
2020,h6284
2020,h6285
2020,h6286
2020,h6287
2020,h6288
2020,h6289
2020,h6290
2020,h6291
2020,h6292
2020,h6293
2020,h6294
2020,h6295
2020,h6296
2020,h6297
2020,h6298
2020,h6299
2020,h6300
2020,h6301
2020,h6302
2020,h6303
2020,h6304
2020,h6305
2020,h6306
2020,h6307
2020,h6308
2020,h6309
2020,h6310
2020,h6311
2020,h6312
2020,h6313
2020,h6314
2020,h6315
2020,h6316
2020,h6317
2020,h6318
2020,h6319
2020,h6320
2020,h6321
2020,h6322
2020,h6323
2020,h6324
2020,h6325
2020,h6326
2020,h6327
2020,h6328
2020,h6329
2020,h6330
2020,h6331
2020,h6332
2020,h6333
2020,h6334
2020,h6335
2020,h6336
2020,h6337
2020,h6338
2020,h6339
2020,h6340
2020,h6341
2020,h6342
2020,h6343
2020,h6344
2020,h6345
2020,h6346
2020,h6347
2020,h6348
2020,h6349
2020,h6350
2020,h6351
2020,h6352
2020,h6353
2020,h6354
2020,h6355
2020,h6356
2020,h6357
2020,h6358
2020,h6359
2020,h6360
2020,h6361
2020,h6362
2020,h6363
2020,h6364
2020,h6365
2020,h6366
2020,h6367
2020,h6368
2020,h6369
2020,h6370
2020,h6371
2020,h6372
2020,h6373
2020,h6374
2020,h6375
2020,h6376
2020,h6377
2020,h6378
2020,h6379
2020,h6380
2020,h6381
2020,h6382
2020,h6383
2020,h6384
2020,h6385
2020,h6386
2020,h6387
2020,h6388
2020,h6389
2020,h6390
2020,h6391
2020,h6392
2020,h6393
2020,h6394
2020,h6395
2020,h6396
2020,h6397
2020,h6398
2020,h6399
2020,h6400
2020,h6401
2020,h6402
2020,h6403
2020,h6404
2020,h6405
2020,h6406
2020,h6407
2020,h6408
2020,h6409
2020,h6410
2020,h6411
2020,h6412
2020,h6413
2020,h6414
2020,h6415
2020,h6416
2020,h6417
2020,h6418
2020,h6419
2020,h6420
2020,h6421
2020,h6422
2020,h6423
2020,h6424
2020,h6425
2020,h6426
2020,h6427
2020,h6428
2020,h6429
2020,h6430
2020,h6431
2020,h6432
2020,h6433
2020,h6434
2020,h6435
2020,h6436
2020,h6437
2020,h6438
2020,h6439
2020,h6440
2020,h6441
2020,h6442
2020,h6443
2020,h6444
2020,h6445
2020,h6446
2020,h6447
2020,h6448
2020,h6449
2020,h6450
2020,h6451
2020,h6452
2020,h6453
2020,h6454
2020,h6455
2020,h6456
2020,h6457
2020,h6458
2020,h6459
2020,h6460
2020,h6461
2020,h6462
2020,h6463
2020,h6464
2020,h6465
2020,h6466
2020,h6467
2020,h6468
2020,h6469
2020,h6470
2020,h6471
2020,h6472
2020,h6473
2020,h6474
2020,h6475
2020,h6476
2020,h6477
2020,h6478
2020,h6479
2020,h6480
2020,h6481
2020,h6482
2020,h6483
2020,h6484
2020,h6485
2020,h6486
2020,h6487
2020,h6488
2020,h6489
2020,h6490
2020,h6491
2020,h6492
2020,h6493
2020,h6494
2020,h6495
2020,h6496
2020,h6497
2020,h6498
2020,h6499
2020,h6500
2020,h6501
2020,h6502
2020,h6503
2020,h6504
2020,h6505
2020,h6506
2020,h6507
2020,h6508
2020,h6509
2020,h6510
2020,h6511
2020,h6512
2020,h6513
2020,h6514
2020,h6515
2020,h6516
2020,h6517
2020,h6518
2020,h6519
2020,h6520
2020,h6521
2020,h6522
2020,h6523
2020,h6524
2020,h6525
2020,h6526
2020,h6527
2020,h6528
2020,h6529
2020,h6530
2020,h6531
2020,h6532
2020,h6533
2020,h6534
2020,h6535
2020,h6536
2020,h6537
2020,h6538
2020,h6539
2020,h6540
2020,h6541
2020,h6542
2020,h6543
2020,h6544
2020,h6545
2020,h6546
2020,h6547
2020,h6548
2020,h6549
2020,h6550
2020,h6551
2020,h6552
2020,h6553
2020,h6554
2020,h6555
2020,h6556
2020,h6557
2020,h6558
2020,h6559
2020,h6560
2020,h6561
2020,h6562
2020,h6563
2020,h6564
2020,h6565
2020,h6566
2020,h6567
2020,h6568
2020,h6569
2020,h6570
2020,h6571
2020,h6572
2020,h6573
2020,h6574
2020,h6575
2020,h6576
2020,h6577
2020,h6578
2020,h6579
2020,h6580
2020,h6581
2020,h6582
2020,h6583
2020,h6584
2020,h6585
2020,h6586
2020,h6587
2020,h6588
2020,h6589
2020,h6590
2020,h6591
2020,h6592
2020,h6593
2020,h6594
2020,h6595
2020,h6596
2020,h6597
2020,h6598
2020,h6599
2020,h6600
2020,h6601
2020,h6602
2020,h6603
2020,h6604
2020,h6605
2020,h6606
2020,h6607
2020,h6608
2020,h6609
2020,h6610
2020,h6611
2020,h6612
2020,h6613
2020,h6614
2020,h6615
2020,h6616
2020,h6617
2020,h6618
2020,h6619
2020,h6620
2020,h6621
2020,h6622
2020,h6623
2020,h6624
2020,h6625
2020,h6626
2020,h6627
2020,h6628
2020,h6629
2020,h6630
2020,h6631
2020,h6632
2020,h6633
2020,h6634
2020,h6635
2020,h6636
2020,h6637
2020,h6638
2020,h6639
2020,h6640
2020,h6641
2020,h6642
2020,h6643
2020,h6644
2020,h6645
2020,h6646
2020,h6647
2020,h6648
2020,h6649
2020,h6650
2020,h6651
2020,h6652
2020,h6653
2020,h6654
2020,h6655
2020,h6656
2020,h6657
2020,h6658
2020,h6659
2020,h6660
2020,h6661
2020,h6662
2020,h6663
2020,h6664
2020,h6665
2020,h6666
2020,h6667
2020,h6668
2020,h6669
2020,h6670
2020,h6671
2020,h6672
2020,h6673
2020,h6674
2020,h6675
2020,h6676
2020,h6677
2020,h6678
2020,h6679
2020,h6680
2020,h6681
2020,h6682
2020,h6683
2020,h6684
2020,h6685
2020,h6686
2020,h6687
2020,h6688
2020,h6689
2020,h6690
2020,h6691
2020,h6692
2020,h6693
2020,h6694
2020,h6695
2020,h6696
2020,h6697
2020,h6698
2020,h6699
2020,h6700
2020,h6701
2020,h6702
2020,h6703
2020,h6704
2020,h6705
2020,h6706
2020,h6707
2020,h6708
2020,h6709
2020,h6710
2020,h6711
2020,h6712
2020,h6713
2020,h6714
2020,h6715
2020,h6716
2020,h6717
2020,h6718
2020,h6719
2020,h6720
2020,h6721
2020,h6722
2020,h6723
2020,h6724
2020,h6725
2020,h6726
2020,h6727
2020,h6728
2020,h6729
2020,h6730
2020,h6731
2020,h6732
2020,h6733
2020,h6734
2020,h6735
2020,h6736
2020,h6737
2020,h6738
2020,h6739
2020,h6740
2020,h6741
2020,h6742
2020,h6743
2020,h6744
2020,h6745
2020,h6746
2020,h6747
2020,h6748
2020,h6749
2020,h6750
2020,h6751
2020,h6752
2020,h6753
2020,h6754
2020,h6755
2020,h6756
2020,h6757
2020,h6758
2020,h6759
2020,h6760
2020,h6761
2020,h6762
2020,h6763
2020,h6764
2020,h6765
2020,h6766
2020,h6767
2020,h6768
2020,h6769
2020,h6770
2020,h6771
2020,h6772
2020,h6773
2020,h6774
2020,h6775
2020,h6776
2020,h6777
2020,h6778
2020,h6779
2020,h6780
2020,h6781
2020,h6782
2020,h6783
2020,h6784
2020,h6785
2020,h6786
2020,h6787
2020,h6788
2020,h6789
2020,h6790
2020,h6791
2020,h6792
2020,h6793
2020,h6794
2020,h6795
2020,h6796
2020,h6797
2020,h6798
2020,h6799
2020,h6800
2020,h6801
2020,h6802
2020,h6803
2020,h6804
2020,h6805
2020,h6806
2020,h6807
2020,h6808
2020,h6809
2020,h6810
2020,h6811
2020,h6812
2020,h6813
2020,h6814
2020,h6815
2020,h6816
2020,h6817
2020,h6818
2020,h6819
2020,h6820
2020,h6821
2020,h6822
2020,h6823
2020,h6824
2020,h6825
2020,h6826
2020,h6827
2020,h6828
2020,h6829
2020,h6830
2020,h6831
2020,h6832
2020,h6833
2020,h6834
2020,h6835
2020,h6836
2020,h6837
2020,h6838
2020,h6839
2020,h6840
2020,h6841
2020,h6842
2020,h6843
2020,h6844
2020,h6845
2020,h6846
2020,h6847
2020,h6848
2020,h6849
2020,h6850
2020,h6851
2020,h6852
2020,h6853
2020,h6854
2020,h6855
2020,h6856
2020,h6857
2020,h6858
2020,h6859
2020,h6860
2020,h6861
2020,h6862
2020,h6863
2020,h6864
2020,h6865
2020,h6866
2020,h6867
2020,h6868
2020,h6869
2020,h6870
2020,h6871
2020,h6872
2020,h6873
2020,h6874
2020,h6875
2020,h6876
2020,h6877
2020,h6878
2020,h6879
2020,h6880
2020,h6881
2020,h6882
2020,h6883
2020,h6884
2020,h6885
2020,h6886
2020,h6887
2020,h6888
2020,h6889
2020,h6890
2020,h6891
2020,h6892
2020,h6893
2020,h6894
2020,h6895
2020,h6896
2020,h6897
2020,h6898
2020,h6899
2020,h6900
2020,h6901
2020,h6902
2020,h6903
2020,h6904
2020,h6905
2020,h6906
2020,h6907
2020,h6908
2020,h6909
2020,h6910
2020,h6911
2020,h6912
2020,h6913
2020,h6914
2020,h6915
2020,h6916
2020,h6917
2020,h6918
2020,h6919
2020,h6920
2020,h6921
2020,h6922
2020,h6923
2020,h6924
2020,h6925
2020,h6926
2020,h6927
2020,h6928
2020,h6929
2020,h6930
2020,h6931
2020,h6932
2020,h6933
2020,h6934
2020,h6935
2020,h6936
2020,h6937
2020,h6938
2020,h6939
2020,h6940
2020,h6941
2020,h6942
2020,h6943
2020,h6944
2020,h6945
2020,h6946
2020,h6947
2020,h6948
2020,h6949
2020,h6950
2020,h6951
2020,h6952
2020,h6953
2020,h6954
2020,h6955
2020,h6956
2020,h6957
2020,h6958
2020,h6959
2020,h6960
2020,h6961
2020,h6962
2020,h6963
2020,h6964
2020,h6965
2020,h6966
2020,h6967
2020,h6968
2020,h6969
2020,h6970
2020,h6971
2020,h6972
2020,h6973
2020,h6974
2020,h6975
2020,h6976
2020,h6977
2020,h6978
2020,h6979
2020,h6980
2020,h6981
2020,h6982
2020,h6983
2020,h6984
2020,h6985
2020,h6986
2020,h6987
2020,h6988
2020,h6989
2020,h6990
2020,h6991
2020,h6992
2020,h6993
2020,h6994
2020,h6995
2020,h6996
2020,h6997
2020,h6998
2020,h6999
2020,h7000
2020,h7001
2020,h7002
2020,h7003
2020,h7004
2020,h7005
2020,h7006
2020,h7007
2020,h7008
2020,h7009
2020,h7010
2020,h7011
2020,h7012
2020,h7013
2020,h7014
2020,h7015
2020,h7016
2020,h7017
2020,h7018
2020,h7019
2020,h7020
2020,h7021
2020,h7022
2020,h7023
2020,h7024
2020,h7025
2020,h7026
2020,h7027
2020,h7028
2020,h7029
2020,h7030
2020,h7031
2020,h7032
2020,h7033
2020,h7034
2020,h7035
2020,h7036
2020,h7037
2020,h7038
2020,h7039
2020,h7040
2020,h7041
2020,h7042
2020,h7043
2020,h7044
2020,h7045
2020,h7046
2020,h7047
2020,h7048
2020,h7049
2020,h7050
2020,h7051
2020,h7052
2020,h7053
2020,h7054
2020,h7055
2020,h7056
2020,h7057
2020,h7058
2020,h7059
2020,h7060
2020,h7061
2020,h7062
2020,h7063
2020,h7064
2020,h7065
2020,h7066
2020,h7067
2020,h7068
2020,h7069
2020,h7070
2020,h7071
2020,h7072
2020,h7073
2020,h7074
2020,h7075
2020,h7076
2020,h7077
2020,h7078
2020,h7079
2020,h7080
2020,h7081
2020,h7082
2020,h7083
2020,h7084
2020,h7085
2020,h7086
2020,h7087
2020,h7088
2020,h7089
2020,h7090
2020,h7091
2020,h7092
2020,h7093
2020,h7094
2020,h7095
2020,h7096
2020,h7097
2020,h7098
2020,h7099
2020,h7100
2020,h7101
2020,h7102
2020,h7103
2020,h7104
2020,h7105
2020,h7106
2020,h7107
2020,h7108
2020,h7109
2020,h7110
2020,h7111
2020,h7112
2020,h7113
2020,h7114
2020,h7115
2020,h7116
2020,h7117
2020,h7118
2020,h7119
2020,h7120
2020,h7121
2020,h7122
2020,h7123
2020,h7124
2020,h7125
2020,h7126
2020,h7127
2020,h7128
2020,h7129
2020,h7130
2020,h7131
2020,h7132
2020,h7133
2020,h7134
2020,h7135
2020,h7136
2020,h7137
2020,h7138
2020,h7139
2020,h7140
2020,h7141
2020,h7142
2020,h7143
2020,h7144
2020,h7145
2020,h7146
2020,h7147
2020,h7148
2020,h7149
2020,h7150
2020,h7151
2020,h7152
2020,h7153
2020,h7154
2020,h7155
2020,h7156
2020,h7157
2020,h7158
2020,h7159
2020,h7160
2020,h7161
2020,h7162
2020,h7163
2020,h7164
2020,h7165
2020,h7166
2020,h7167
2020,h7168
2020,h7169
2020,h7170
2020,h7171
2020,h7172
2020,h7173
2020,h7174
2020,h7175
2020,h7176
2020,h7177
2020,h7178
2020,h7179
2020,h7180
2020,h7181
2020,h7182
2020,h7183
2020,h7184
2020,h7185
2020,h7186
2020,h7187
2020,h7188
2020,h7189
2020,h7190
2020,h7191
2020,h7192
2020,h7193
2020,h7194
2020,h7195
2020,h7196
2020,h7197
2020,h7198
2020,h7199
2020,h7200
2020,h7201
2020,h7202
2020,h7203
2020,h7204
2020,h7205
2020,h7206
2020,h7207
2020,h7208
2020,h7209
2020,h7210
2020,h7211
2020,h7212
2020,h7213
2020,h7214
2020,h7215
2020,h7216
2020,h7217
2020,h7218
2020,h7219
2020,h7220
2020,h7221
2020,h7222
2020,h7223
2020,h7224
2020,h7225
2020,h7226
2020,h7227
2020,h7228
2020,h7229
2020,h7230
2020,h7231
2020,h7232
2020,h7233
2020,h7234
2020,h7235
2020,h7236
2020,h7237
2020,h7238
2020,h7239
2020,h7240
2020,h7241
2020,h7242
2020,h7243
2020,h7244
2020,h7245
2020,h7246
2020,h7247
2020,h7248
2020,h7249
2020,h7250
2020,h7251
2020,h7252
2020,h7253
2020,h7254
2020,h7255
2020,h7256
2020,h7257
2020,h7258
2020,h7259
2020,h7260
2020,h7261
2020,h7262
2020,h7263
2020,h7264
2020,h7265
2020,h7266
2020,h7267
2020,h7268
2020,h7269
2020,h7270
2020,h7271
2020,h7272
2020,h7273
2020,h7274
2020,h7275
2020,h7276
2020,h7277
2020,h7278
2020,h7279
2020,h7280
2020,h7281
2020,h7282
2020,h7283
2020,h7284
2020,h7285
2020,h7286
2020,h7287
2020,h7288
2020,h7289
2020,h7290
2020,h7291
2020,h7292
2020,h7293
2020,h7294
2020,h7295
2020,h7296
2020,h7297
2020,h7298
2020,h7299
2020,h7300
2020,h7301
2020,h7302
2020,h7303
2020,h7304
2020,h7305
2020,h7306
2020,h7307
2020,h7308
2020,h7309
2020,h7310
2020,h7311
2020,h7312
2020,h7313
2020,h7314
2020,h7315
2020,h7316
2020,h7317
2020,h7318
2020,h7319
2020,h7320
2020,h7321
2020,h7322
2020,h7323
2020,h7324
2020,h7325
2020,h7326
2020,h7327
2020,h7328
2020,h7329
2020,h7330
2020,h7331
2020,h7332
2020,h7333
2020,h7334
2020,h7335
2020,h7336
2020,h7337
2020,h7338
2020,h7339
2020,h7340
2020,h7341
2020,h7342
2020,h7343
2020,h7344
2020,h7345
2020,h7346
2020,h7347
2020,h7348
2020,h7349
2020,h7350
2020,h7351
2020,h7352
2020,h7353
2020,h7354
2020,h7355
2020,h7356
2020,h7357
2020,h7358
2020,h7359
2020,h7360
2020,h7361
2020,h7362
2020,h7363
2020,h7364
2020,h7365
2020,h7366
2020,h7367
2020,h7368
2020,h7369
2020,h7370
2020,h7371
2020,h7372
2020,h7373
2020,h7374
2020,h7375
2020,h7376
2020,h7377
2020,h7378
2020,h7379
2020,h7380
2020,h7381
2020,h7382
2020,h7383
2020,h7384
2020,h7385
2020,h7386
2020,h7387
2020,h7388
2020,h7389
2020,h7390
2020,h7391
2020,h7392
2020,h7393
2020,h7394
2020,h7395
2020,h7396
2020,h7397
2020,h7398
2020,h7399
2020,h7400
2020,h7401
2020,h7402
2020,h7403
2020,h7404
2020,h7405
2020,h7406
2020,h7407
2020,h7408
2020,h7409
2020,h7410
2020,h7411
2020,h7412
2020,h7413
2020,h7414
2020,h7415
2020,h7416
2020,h7417
2020,h7418
2020,h7419
2020,h7420
2020,h7421
2020,h7422
2020,h7423
2020,h7424
2020,h7425
2020,h7426
2020,h7427
2020,h7428
2020,h7429
2020,h7430
2020,h7431
2020,h7432
2020,h7433
2020,h7434
2020,h7435
2020,h7436
2020,h7437
2020,h7438
2020,h7439
2020,h7440
2020,h7441
2020,h7442
2020,h7443
2020,h7444
2020,h7445
2020,h7446
2020,h7447
2020,h7448
2020,h7449
2020,h7450
2020,h7451
2020,h7452
2020,h7453
2020,h7454
2020,h7455
2020,h7456
2020,h7457
2020,h7458
2020,h7459
2020,h7460
2020,h7461
2020,h7462
2020,h7463
2020,h7464
2020,h7465
2020,h7466
2020,h7467
2020,h7468
2020,h7469
2020,h7470
2020,h7471
2020,h7472
2020,h7473
2020,h7474
2020,h7475
2020,h7476
2020,h7477
2020,h7478
2020,h7479
2020,h7480
2020,h7481
2020,h7482
2020,h7483
2020,h7484
2020,h7485
2020,h7486
2020,h7487
2020,h7488
2020,h7489
2020,h7490
2020,h7491
2020,h7492
2020,h7493
2020,h7494
2020,h7495
2020,h7496
2020,h7497
2020,h7498
2020,h7499
2020,h7500
2020,h7501
2020,h7502
2020,h7503
2020,h7504
2020,h7505
2020,h7506
2020,h7507
2020,h7508
2020,h7509
2020,h7510
2020,h7511
2020,h7512
2020,h7513
2020,h7514
2020,h7515
2020,h7516
2020,h7517
2020,h7518
2020,h7519
2020,h7520
2020,h7521
2020,h7522
2020,h7523
2020,h7524
2020,h7525
2020,h7526
2020,h7527
2020,h7528
2020,h7529
2020,h7530
2020,h7531
2020,h7532
2020,h7533
2020,h7534
2020,h7535
2020,h7536
2020,h7537
2020,h7538
2020,h7539
2020,h7540
2020,h7541
2020,h7542
2020,h7543
2020,h7544
2020,h7545
2020,h7546
2020,h7547
2020,h7548
2020,h7549
2020,h7550
2020,h7551
2020,h7552
2020,h7553
2020,h7554
2020,h7555
2020,h7556
2020,h7557
2020,h7558
2020,h7559
2020,h7560
2020,h7561
2020,h7562
2020,h7563
2020,h7564
2020,h7565
2020,h7566
2020,h7567
2020,h7568
2020,h7569
2020,h7570
2020,h7571
2020,h7572
2020,h7573
2020,h7574
2020,h7575
2020,h7576
2020,h7577
2020,h7578
2020,h7579
2020,h7580
2020,h7581
2020,h7582
2020,h7583
2020,h7584
2020,h7585
2020,h7586
2020,h7587
2020,h7588
2020,h7589
2020,h7590
2020,h7591
2020,h7592
2020,h7593
2020,h7594
2020,h7595
2020,h7596
2020,h7597
2020,h7598
2020,h7599
2020,h7600
2020,h7601
2020,h7602
2020,h7603
2020,h7604
2020,h7605
2020,h7606
2020,h7607
2020,h7608
2020,h7609
2020,h7610
2020,h7611
2020,h7612
2020,h7613
2020,h7614
2020,h7615
2020,h7616
2020,h7617
2020,h7618
2020,h7619
2020,h7620
2020,h7621
2020,h7622
2020,h7623
2020,h7624
2020,h7625
2020,h7626
2020,h7627
2020,h7628
2020,h7629
2020,h7630
2020,h7631
2020,h7632
2020,h7633
2020,h7634
2020,h7635
2020,h7636
2020,h7637
2020,h7638
2020,h7639
2020,h7640
2020,h7641
2020,h7642
2020,h7643
2020,h7644
2020,h7645
2020,h7646
2020,h7647
2020,h7648
2020,h7649
2020,h7650
2020,h7651
2020,h7652
2020,h7653
2020,h7654
2020,h7655
2020,h7656
2020,h7657
2020,h7658
2020,h7659
2020,h7660
2020,h7661
2020,h7662
2020,h7663
2020,h7664
2020,h7665
2020,h7666
2020,h7667
2020,h7668
2020,h7669
2020,h7670
2020,h7671
2020,h7672
2020,h7673
2020,h7674
2020,h7675
2020,h7676
2020,h7677
2020,h7678
2020,h7679
2020,h7680
2020,h7681
2020,h7682
2020,h7683
2020,h7684
2020,h7685
2020,h7686
2020,h7687
2020,h7688
2020,h7689
2020,h7690
2020,h7691
2020,h7692
2020,h7693
2020,h7694
2020,h7695
2020,h7696
2020,h7697
2020,h7698
2020,h7699
2020,h7700
2020,h7701
2020,h7702
2020,h7703
2020,h7704
2020,h7705
2020,h7706
2020,h7707
2020,h7708
2020,h7709
2020,h7710
2020,h7711
2020,h7712
2020,h7713
2020,h7714
2020,h7715
2020,h7716
2020,h7717
2020,h7718
2020,h7719
2020,h7720
2020,h7721
2020,h7722
2020,h7723
2020,h7724
2020,h7725
2020,h7726
2020,h7727
2020,h7728
2020,h7729
2020,h7730
2020,h7731
2020,h7732
2020,h7733
2020,h7734
2020,h7735
2020,h7736
2020,h7737
2020,h7738
2020,h7739
2020,h7740
2020,h7741
2020,h7742
2020,h7743
2020,h7744
2020,h7745
2020,h7746
2020,h7747
2020,h7748
2020,h7749
2020,h7750
2020,h7751
2020,h7752
2020,h7753
2020,h7754
2020,h7755
2020,h7756
2020,h7757
2020,h7758
2020,h7759
2020,h7760
2020,h7761
2020,h7762
2020,h7763
2020,h7764
2020,h7765
2020,h7766
2020,h7767
2020,h7768
2020,h7769
2020,h7770
2020,h7771
2020,h7772
2020,h7773
2020,h7774
2020,h7775
2020,h7776
2020,h7777
2020,h7778
2020,h7779
2020,h7780
2020,h7781
2020,h7782
2020,h7783
2020,h7784
2020,h7785
2020,h7786
2020,h7787
2020,h7788
2020,h7789
2020,h7790
2020,h7791
2020,h7792
2020,h7793
2020,h7794
2020,h7795
2020,h7796
2020,h7797
2020,h7798
2020,h7799
2020,h7800
2020,h7801
2020,h7802
2020,h7803
2020,h7804
2020,h7805
2020,h7806
2020,h7807
2020,h7808
2020,h7809
2020,h7810
2020,h7811
2020,h7812
2020,h7813
2020,h7814
2020,h7815
2020,h7816
2020,h7817
2020,h7818
2020,h7819
2020,h7820
2020,h7821
2020,h7822
2020,h7823
2020,h7824
2020,h7825
2020,h7826
2020,h7827
2020,h7828
2020,h7829
2020,h7830
2020,h7831
2020,h7832
2020,h7833
2020,h7834
2020,h7835
2020,h7836
2020,h7837
2020,h7838
2020,h7839
2020,h7840
2020,h7841
2020,h7842
2020,h7843
2020,h7844
2020,h7845
2020,h7846
2020,h7847
2020,h7848
2020,h7849
2020,h7850
2020,h7851
2020,h7852
2020,h7853
2020,h7854
2020,h7855
2020,h7856
2020,h7857
2020,h7858
2020,h7859
2020,h7860
2020,h7861
2020,h7862
2020,h7863
2020,h7864
2020,h7865
2020,h7866
2020,h7867
2020,h7868
2020,h7869
2020,h7870
2020,h7871
2020,h7872
2020,h7873
2020,h7874
2020,h7875
2020,h7876
2020,h7877
2020,h7878
2020,h7879
2020,h7880
2020,h7881
2020,h7882
2020,h7883
2020,h7884
2020,h7885
2020,h7886
2020,h7887
2020,h7888
2020,h7889
2020,h7890
2020,h7891
2020,h7892
2020,h7893
2020,h7894
2020,h7895
2020,h7896
2020,h7897
2020,h7898
2020,h7899
2020,h7900
2020,h7901
2020,h7902
2020,h7903
2020,h7904
2020,h7905
2020,h7906
2020,h7907
2020,h7908
2020,h7909
2020,h7910
2020,h7911
2020,h7912
2020,h7913
2020,h7914
2020,h7915
2020,h7916
2020,h7917
2020,h7918
2020,h7919
2020,h7920
2020,h7921
2020,h7922
2020,h7923
2020,h7924
2020,h7925
2020,h7926
2020,h7927
2020,h7928
2020,h7929
2020,h7930
2020,h7931
2020,h7932
2020,h7933
2020,h7934
2020,h7935
2020,h7936
2020,h7937
2020,h7938
2020,h7939
2020,h7940
2020,h7941
2020,h7942
2020,h7943
2020,h7944
2020,h7945
2020,h7946
2020,h7947
2020,h7948
2020,h7949
2020,h7950
2020,h7951
2020,h7952
2020,h7953
2020,h7954
2020,h7955
2020,h7956
2020,h7957
2020,h7958
2020,h7959
2020,h7960
2020,h7961
2020,h7962
2020,h7963
2020,h7964
2020,h7965
2020,h7966
2020,h7967
2020,h7968
2020,h7969
2020,h7970
2020,h7971
2020,h7972
2020,h7973
2020,h7974
2020,h7975
2020,h7976
2020,h7977
2020,h7978
2020,h7979
2020,h7980
2020,h7981
2020,h7982
2020,h7983
2020,h7984
2020,h7985
2020,h7986
2020,h7987
2020,h7988
2020,h7989
2020,h7990
2020,h7991
2020,h7992
2020,h7993
2020,h7994
2020,h7995
2020,h7996
2020,h7997
2020,h7998
2020,h7999
2020,h8000
2020,h8001
2020,h8002
2020,h8003
2020,h8004
2020,h8005
2020,h8006
2020,h8007
2020,h8008
2020,h8009
2020,h8010
2020,h8011
2020,h8012
2020,h8013
2020,h8014
2020,h8015
2020,h8016
2020,h8017
2020,h8018
2020,h8019
2020,h8020
2020,h8021
2020,h8022
2020,h8023
2020,h8024
2020,h8025
2020,h8026
2020,h8027
2020,h8028
2020,h8029
2020,h8030
2020,h8031
2020,h8032
2020,h8033
2020,h8034
2020,h8035
2020,h8036
2020,h8037
2020,h8038
2020,h8039
2020,h8040
2020,h8041
2020,h8042
2020,h8043
2020,h8044
2020,h8045
2020,h8046
2020,h8047
2020,h8048
2020,h8049
2020,h8050
2020,h8051
2020,h8052
2020,h8053
2020,h8054
2020,h8055
2020,h8056
2020,h8057
2020,h8058
2020,h8059
2020,h8060
2020,h8061
2020,h8062
2020,h8063
2020,h8064
2020,h8065
2020,h8066
2020,h8067
2020,h8068
2020,h8069
2020,h8070
2020,h8071
2020,h8072
2020,h8073
2020,h8074
2020,h8075
2020,h8076
2020,h8077
2020,h8078
2020,h8079
2020,h8080
2020,h8081
2020,h8082
2020,h8083
2020,h8084
2020,h8085
2020,h8086
2020,h8087
2020,h8088
2020,h8089
2020,h8090
2020,h8091
2020,h8092
2020,h8093
2020,h8094
2020,h8095
2020,h8096
2020,h8097
2020,h8098
2020,h8099
2020,h8100
2020,h8101
2020,h8102
2020,h8103
2020,h8104
2020,h8105
2020,h8106
2020,h8107
2020,h8108
2020,h8109
2020,h8110
2020,h8111
2020,h8112
2020,h8113
2020,h8114
2020,h8115
2020,h8116
2020,h8117
2020,h8118
2020,h8119
2020,h8120
2020,h8121
2020,h8122
2020,h8123
2020,h8124
2020,h8125
2020,h8126
2020,h8127
2020,h8128
2020,h8129
2020,h8130
2020,h8131
2020,h8132
2020,h8133
2020,h8134
2020,h8135
2020,h8136
2020,h8137
2020,h8138
2020,h8139
2020,h8140
2020,h8141
2020,h8142
2020,h8143
2020,h8144
2020,h8145
2020,h8146
2020,h8147
2020,h8148
2020,h8149
2020,h8150
2020,h8151
2020,h8152
2020,h8153
2020,h8154
2020,h8155
2020,h8156
2020,h8157
2020,h8158
2020,h8159
2020,h8160
2020,h8161
2020,h8162
2020,h8163
2020,h8164
2020,h8165
2020,h8166
2020,h8167
2020,h8168
2020,h8169
2020,h8170
2020,h8171
2020,h8172
2020,h8173
2020,h8174
2020,h8175
2020,h8176
2020,h8177
2020,h8178
2020,h8179
2020,h8180
2020,h8181
2020,h8182
2020,h8183
2020,h8184
2020,h8185
2020,h8186
2020,h8187
2020,h8188
2020,h8189
2020,h8190
2020,h8191
2020,h8192
2020,h8193
2020,h8194
2020,h8195
2020,h8196
2020,h8197
2020,h8198
2020,h8199
2020,h8200
2020,h8201
2020,h8202
2020,h8203
2020,h8204
2020,h8205
2020,h8206
2020,h8207
2020,h8208
2020,h8209
2020,h8210
2020,h8211
2020,h8212
2020,h8213
2020,h8214
2020,h8215
2020,h8216
2020,h8217
2020,h8218
2020,h8219
2020,h8220
2020,h8221
2020,h8222
2020,h8223
2020,h8224
2020,h8225
2020,h8226
2020,h8227
2020,h8228
2020,h8229
2020,h8230
2020,h8231
2020,h8232
2020,h8233
2020,h8234
2020,h8235
2020,h8236
2020,h8237
2020,h8238
2020,h8239
2020,h8240
2020,h8241
2020,h8242
2020,h8243
2020,h8244
2020,h8245
2020,h8246
2020,h8247
2020,h8248
2020,h8249
2020,h8250
2020,h8251
2020,h8252
2020,h8253
2020,h8254
2020,h8255
2020,h8256
2020,h8257
2020,h8258
2020,h8259
2020,h8260
2020,h8261
2020,h8262
2020,h8263
2020,h8264
2020,h8265
2020,h8266
2020,h8267
2020,h8268
2020,h8269
2020,h8270
2020,h8271
2020,h8272
2020,h8273
2020,h8274
2020,h8275
2020,h8276
2020,h8277
2020,h8278
2020,h8279
2020,h8280
2020,h8281
2020,h8282
2020,h8283
2020,h8284
2020,h8285
2020,h8286
2020,h8287
2020,h8288
2020,h8289
2020,h8290
2020,h8291
2020,h8292
2020,h8293
2020,h8294
2020,h8295
2020,h8296
2020,h8297
2020,h8298
2020,h8299
2020,h8300
2020,h8301
2020,h8302
2020,h8303
2020,h8304
2020,h8305
2020,h8306
2020,h8307
2020,h8308
2020,h8309
2020,h8310
2020,h8311
2020,h8312
2020,h8313
2020,h8314
2020,h8315
2020,h8316
2020,h8317
2020,h8318
2020,h8319
2020,h8320
2020,h8321
2020,h8322
2020,h8323
2020,h8324
2020,h8325
2020,h8326
2020,h8327
2020,h8328
2020,h8329
2020,h8330
2020,h8331
2020,h8332
2020,h8333
2020,h8334
2020,h8335
2020,h8336
2020,h8337
2020,h8338
2020,h8339
2020,h8340
2020,h8341
2020,h8342
2020,h8343
2020,h8344
2020,h8345
2020,h8346
2020,h8347
2020,h8348
2020,h8349
2020,h8350
2020,h8351
2020,h8352
2020,h8353
2020,h8354
2020,h8355
2020,h8356
2020,h8357
2020,h8358
2020,h8359
2020,h8360
2020,h8361
2020,h8362
2020,h8363
2020,h8364
2020,h8365
2020,h8366
2020,h8367
2020,h8368
2020,h8369
2020,h8370
2020,h8371
2020,h8372
2020,h8373
2020,h8374
2020,h8375
2020,h8376
2020,h8377
2020,h8378
2020,h8379
2020,h8380
2020,h8381
2020,h8382
2020,h8383
2020,h8384
2020,h8385
2020,h8386
2020,h8387
2020,h8388
2020,h8389
2020,h8390
2020,h8391
2020,h8392
2020,h8393
2020,h8394
2020,h8395
2020,h8396
2020,h8397
2020,h8398
2020,h8399
2020,h8400
2020,h8401
2020,h8402
2020,h8403
2020,h8404
2020,h8405
2020,h8406
2020,h8407
2020,h8408
2020,h8409
2020,h8410
2020,h8411
2020,h8412
2020,h8413
2020,h8414
2020,h8415
2020,h8416
2020,h8417
2020,h8418
2020,h8419
2020,h8420
2020,h8421
2020,h8422
2020,h8423
2020,h8424
2020,h8425
2020,h8426
2020,h8427
2020,h8428
2020,h8429
2020,h8430
2020,h8431
2020,h8432
2020,h8433
2020,h8434
2020,h8435
2020,h8436
2020,h8437
2020,h8438
2020,h8439
2020,h8440
2020,h8441
2020,h8442
2020,h8443
2020,h8444
2020,h8445
2020,h8446
2020,h8447
2020,h8448
2020,h8449
2020,h8450
2020,h8451
2020,h8452
2020,h8453
2020,h8454
2020,h8455
2020,h8456
2020,h8457
2020,h8458
2020,h8459
2020,h8460
2020,h8461
2020,h8462
2020,h8463
2020,h8464
2020,h8465
2020,h8466
2020,h8467
2020,h8468
2020,h8469
2020,h8470
2020,h8471
2020,h8472
2020,h8473
2020,h8474
2020,h8475
2020,h8476
2020,h8477
2020,h8478
2020,h8479
2020,h8480
2020,h8481
2020,h8482
2020,h8483
2020,h8484
2020,h8485
2020,h8486
2020,h8487
2020,h8488
2020,h8489
2020,h8490
2020,h8491
2020,h8492
2020,h8493
2020,h8494
2020,h8495
2020,h8496
2020,h8497
2020,h8498
2020,h8499
2020,h8500
2020,h8501
2020,h8502
2020,h8503
2020,h8504
2020,h8505
2020,h8506
2020,h8507
2020,h8508
2020,h8509
2020,h8510
2020,h8511
2020,h8512
2020,h8513
2020,h8514
2020,h8515
2020,h8516
2020,h8517
2020,h8518
2020,h8519
2020,h8520
2020,h8521
2020,h8522
2020,h8523
2020,h8524
2020,h8525
2020,h8526
2020,h8527
2020,h8528
2020,h8529
2020,h8530
2020,h8531
2020,h8532
2020,h8533
2020,h8534
2020,h8535
2020,h8536
2020,h8537
2020,h8538
2020,h8539
2020,h8540
2020,h8541
2020,h8542
2020,h8543
2020,h8544
2020,h8545
2020,h8546
2020,h8547
2020,h8548
2020,h8549
2020,h8550
2020,h8551
2020,h8552
2020,h8553
2020,h8554
2020,h8555
2020,h8556
2020,h8557
2020,h8558
2020,h8559
2020,h8560
2020,h8561
2020,h8562
2020,h8563
2020,h8564
2020,h8565
2020,h8566
2020,h8567
2020,h8568
2020,h8569
2020,h8570
2020,h8571
2020,h8572
2020,h8573
2020,h8574
2020,h8575
2020,h8576
2020,h8577
2020,h8578
2020,h8579
2020,h8580
2020,h8581
2020,h8582
2020,h8583
2020,h8584
2020,h8585
2020,h8586
2020,h8587
2020,h8588
2020,h8589
2020,h8590
2020,h8591
2020,h8592
2020,h8593
2020,h8594
2020,h8595
2020,h8596
2020,h8597
2020,h8598
2020,h8599
2020,h8600
2020,h8601
2020,h8602
2020,h8603
2020,h8604
2020,h8605
2020,h8606
2020,h8607
2020,h8608
2020,h8609
2020,h8610
2020,h8611
2020,h8612
2020,h8613
2020,h8614
2020,h8615
2020,h8616
2020,h8617
2020,h8618
2020,h8619
2020,h8620
2020,h8621
2020,h8622
2020,h8623
2020,h8624
2020,h8625
2020,h8626
2020,h8627
2020,h8628
2020,h8629
2020,h8630
2020,h8631
2020,h8632
2020,h8633
2020,h8634
2020,h8635
2020,h8636
2020,h8637
2020,h8638
2020,h8639
2020,h8640
2020,h8641
2020,h8642
2020,h8643
2020,h8644
2020,h8645
2020,h8646
2020,h8647
2020,h8648
2020,h8649
2020,h8650
2020,h8651
2020,h8652
2020,h8653
2020,h8654
2020,h8655
2020,h8656
2020,h8657
2020,h8658
2020,h8659
2020,h8660
2020,h8661
2020,h8662
2020,h8663
2020,h8664
2020,h8665
2020,h8666
2020,h8667
2020,h8668
2020,h8669
2020,h8670
2020,h8671
2020,h8672
2020,h8673
2020,h8674
2020,h8675
2020,h8676
2020,h8677
2020,h8678
2020,h8679
2020,h8680
2020,h8681
2020,h8682
2020,h8683
2020,h8684
2020,h8685
2020,h8686
2020,h8687
2020,h8688
2020,h8689
2020,h8690
2020,h8691
2020,h8692
2020,h8693
2020,h8694
2020,h8695
2020,h8696
2020,h8697
2020,h8698
2020,h8699
2020,h8700
2020,h8701
2020,h8702
2020,h8703
2020,h8704
2020,h8705
2020,h8706
2020,h8707
2020,h8708
2020,h8709
2020,h8710
2020,h8711
2020,h8712
2020,h8713
2020,h8714
2020,h8715
2020,h8716
2020,h8717
2020,h8718
2020,h8719
2020,h8720
2020,h8721
2020,h8722
2020,h8723
2020,h8724
2020,h8725
2020,h8726
2020,h8727
2020,h8728
2020,h8729
2020,h8730
2020,h8731
2020,h8732
2020,h8733
2020,h8734
2020,h8735
2020,h8736
2020,h8737
2020,h8738
2020,h8739
2020,h8740
2020,h8741
2020,h8742
2020,h8743
2020,h8744
2020,h8745
2020,h8746
2020,h8747
2020,h8748
2020,h8749
2020,h8750
2020,h8751
2020,h8752
2020,h8753
2020,h8754
2020,h8755
2020,h8756
2020,h8757
2020,h8758
2020,h8759
2020,h8760
